
  You can now view your Streamlit app in your browser.

  Local URL: http://localhost:8501
  Network URL: http://192.168.0.111:8501

  For better performance, install the Watchdog module:

  $ xcode-select --install
  $ pip install watchdog
            
papers :                                   paper_id  ... citation_count
0  642ecf0ac36b743f93f86ddf6053486626e945df  ...              5
1  9f1eb177e685bd3596719d14bf5c2efaa7a0bd07  ...              0
2  ffc10bfa2fdce53e11054d1e45c47732cd39585e  ...            513

[3 rows x 10 columns] 
  - Layer: owl:ObjectProperty abstract : The development of energy- and time-saving synthetic methods to prepare bifunctional and high stability catalysts are vital for overall water splitting. Here, V-doped nickel-iron hydroxide precursor by etching NiFe foam (NFF) at room temperature with dual chloride solution ("NaCl-VCl3"), is obtained then phosphating to obtain V-Ni2P-FeP/NFF as efficient bifunctional (oxygen/hydrogen exchange reaction, OER/HER) electrocatalysts, denoted as NFF(V, Na)-P. The NFF(V, Na)-P requires only 185 and 117 mV overpotentials to reach 10 mA cm-2 for OER and HER. When used as a catalyst for water splitting in a full cell, it can be stably sustained for more than 1000 h in alkaline brine electrolysis at both current densities of 100 and 500 mA cm-2. In situ Raman analyses and density functional theory (DFT) show that the V-doping-induced surface remodeling generates hydroxyl oxides as the true catalytic active centers, which not only enhances the reaction kinetics, but also reduces the free energy change in the rate-determining step. This work provides a cost-effective substrate self-derivation method to convert commercial NFF into a powerful catalyst for electrolytic brine, offering a unique route to the development of efficient electrocatalysts for saline water splitting. categories : {'emmo-electro:catalyzes': [], 'emmo-electro:occursIn': [], 'emmo-electro:hasMetric': [], 'emmo-electro:hasDopant': []}
prompt : You are a structured information extraction AI specialized in materials science.

TASK: Extract information for the ontology layer: "owl:ObjectProperty".

ONTOLOGY LAYER (categories → sample keywords):
{
  "emmo-electro:catalyzes": [],
  "emmo-electro:occursIn": [],
  "emmo-electro:hasMetric": [],
  "emmo-electro:hasDopant": []
}

TEXT TO ANALYZE:
The development of energy- and time-saving synthetic methods to prepare bifunctional and high stability catalysts are vital for overall water splitting. Here, V-doped nickel-iron hydroxide precursor by etching NiFe foam (NFF) at room temperature with dual chloride solution ("NaCl-VCl3"), is obtained then phosphating to obtain V-Ni2P-FeP/NFF as efficient bifunctional (oxygen/hydrogen exchange reaction, OER/HER) electrocatalysts, denoted as NFF(V, Na)-P. The NFF(V, Na)-P requires only 185 and 117 mV overpotentials to reach 10 mA cm-2 for OER and HER. When used as a catalyst for water splitting in a full cell, it can be stably sustained for more than 1000 h in alkaline brine electrolysis at both current densities of 100 and 500 mA cm-2. In situ Raman analyses and density functional theory (DFT) show that the V-doping-induced surface remodeling generates hydroxyl oxides as the true catalytic active centers, which not only enhances the reaction kinetics, but also reduces the free energy change in the rate-determining step. This work provides a cost-effective substrate self-derivation method to convert commercial NFF into a powerful catalyst for electrolytic brine, offering a unique route to the development of efficient electrocatalysts for saline water splitting.

IMPORTANT ONTOLOGY CONSTRAINTS:
- Only extract relationships (triples/edges) that are valid according to the ontology's allowed domain and range for each relation.
- Use the canonical ontology URIs/types for all nodes and relations, as defined in the ontology.
- If a relationship is not permitted by the ontology (e.g., the source or target type is not allowed for a given relation), SKIP IT and do not include it in the output.
- Do NOT hallucinate or invent relationships that are not explicitly allowed by the ontology.

OUTPUT FORMAT (IMPORTANT):
- OUTPUT MUST BE PURE JSON (a JSON array). DO NOT include code fences, markdown, or any text outside the JSON.
- EACH ITEM must follow this exact schema:
    {
        "layer": "owl:ObjectProperty",
        "matched_category": "<one of the categories exactly as shown above>",
        "keyword": "<extracted keyword or phrase>",
        "meta_data": "<short supporting snippet from the text>"
    }
- Keep 1–25 items. Use lowercase for keywords where natural.
- If nothing matches, return [] (empty JSON array).

EXAMPLES (DO NOT ECHO; JUST FOLLOW THE FORMAT):
Example:
[
    {
        "layer": "owl:ObjectProperty",
        "matched_category": "<CategoryName>",
        "keyword": "iridium oxide",
        "meta_data": "… overpotential of 240 mV at 10 mA cm^-2 in acidic media …"
    }
]

NOW RETURN ONLY THE JSON ARRAY as a string. Do not include any characters such as ``` or json or any sort of code formatting.
xxxx
model_output : [
    {
        "layer": "owl:ObjectProperty",
        "matched_category": "emmo-electro:hasDopant",
        "keyword": "v-doped",
        "meta_data": "… V-doping-induced surface remodeling generates hydroxyl oxides as the true catalytic active centers …"
    },
    {
        "layer": "owl:ObjectProperty",
        "matched_category": "emmo-electro:hasMetric",
        "keyword": "overpotentials",
        "meta_data": "… requires only 185 and 117 mV overpotentials to reach 10 mA cm-2 for OER and HER …"
    },
    {
        "layer": "owl:ObjectProperty",
        "matched_category": "emmo-electro:occursIn",
        "keyword": "electrocatalysts",
        "meta_data": "… NFF(V, Na)-P as efficient bifunctional (oxygen/hydrogen exchange reaction, OER/HER) electrocatalysts …"
    },
    {
        "layer": "owl:ObjectProperty",
        "matched_category": "emmo-electro:hasMetric",
        "keyword": "mV",
        "meta_data": "… overpotential of 185 mV at 10 mA cm-2 for OER and HER …"
    }
]
results : [{'layer': 'owl:ObjectProperty', 'matched_category': 'emmo-electro:hasDopant', 'keyword': 'v-doped', 'meta_data': '… V-doping-induced surface remodeling generates hydroxyl oxides as the true catalytic active centers …'}, {'layer': 'owl:ObjectProperty', 'matched_category': 'emmo-electro:hasMetric', 'keyword': 'overpotentials', 'meta_data': '… requires only 185 and 117 mV overpotentials to reach 10 mA cm-2 for OER and HER …'}, {'layer': 'owl:ObjectProperty', 'matched_category': 'emmo-electro:occursIn', 'keyword': 'electrocatalysts', 'meta_data': '… NFF(V, Na)-P as efficient bifunctional (oxygen/hydrogen exchange reaction, OER/HER) electrocatalysts …'}, {'layer': 'owl:ObjectProperty', 'matched_category': 'emmo-electro:hasMetric', 'keyword': 'mV', 'meta_data': '… overpotential of 185 mV at 10 mA cm-2 for OER and HER …'}] for paper_id : 642ecf0ac36b743f93f86ddf6053486626e945df
results : [{'layer': 'owl:ObjectProperty', 'matched_category': 'emmo-electro:hasDopant', 'keyword': 'v-doped', 'meta_data': '… V-doping-induced surface remodeling generates hydroxyl oxides as the true catalytic active centers …'}, {'layer': 'owl:ObjectProperty', 'matched_category': 'emmo-electro:hasMetric', 'keyword': 'overpotentials', 'meta_data': '… requires only 185 and 117 mV overpotentials to reach 10 mA cm-2 for OER and HER …'}, {'layer': 'owl:ObjectProperty', 'matched_category': 'emmo-electro:occursIn', 'keyword': 'electrocatalysts', 'meta_data': '… NFF(V, Na)-P as efficient bifunctional (oxygen/hydrogen exchange reaction, OER/HER) electrocatalysts …'}, {'layer': 'owl:ObjectProperty', 'matched_category': 'emmo-electro:hasMetric', 'keyword': 'mV', 'meta_data': '… overpotential of 185 mV at 10 mA cm-2 for OER and HER …'}] for paper_id : 642ecf0ac36b743f93f86ddf6053486626e945df
  - Layer: Device abstract : The development of energy- and time-saving synthetic methods to prepare bifunctional and high stability catalysts are vital for overall water splitting. Here, V-doped nickel-iron hydroxide precursor by etching NiFe foam (NFF) at room temperature with dual chloride solution ("NaCl-VCl3"), is obtained then phosphating to obtain V-Ni2P-FeP/NFF as efficient bifunctional (oxygen/hydrogen exchange reaction, OER/HER) electrocatalysts, denoted as NFF(V, Na)-P. The NFF(V, Na)-P requires only 185 and 117 mV overpotentials to reach 10 mA cm-2 for OER and HER. When used as a catalyst for water splitting in a full cell, it can be stably sustained for more than 1000 h in alkaline brine electrolysis at both current densities of 100 and 500 mA cm-2. In situ Raman analyses and density functional theory (DFT) show that the V-doping-induced surface remodeling generates hydroxyl oxides as the true catalytic active centers, which not only enhances the reaction kinetics, but also reduces the free energy change in the rate-determining step. This work provides a cost-effective substrate self-derivation method to convert commercial NFF into a powerful catalyst for electrolytic brine, offering a unique route to the development of efficient electrocatalysts for saline water splitting. categories : {'Proton Exchange Membrane Water Electrolyzer': ['PEM water electrolysis', 'acidic water electrolysis', 'proton exchange membrane electrolyzer', 'PEMWE', 'Proton Exchange Membrane Water Electrolyzer'], 'Proton Exchange Membrane Fuel Cell': ['PEM fuel cell', 'proton exchange membrane', 'fuel cell', 'Proton Exchange Membrane Fuel Cell', 'PEMFC'], 'Anion Exchange Membrane Water Electrolyzer': ['Anion Exchange Membrane Water Electrolyzer', 'AEM electrolyzer', 'AEMWE', 'alkaline water electrolysis'], 'Anion Exchange Membrane Fuel Cell': ['Anion Exchange Membrane Fuel Cell', 'AEM fuel cell', 'AEMFC'], 'Solid Oxide Electrolysis Cell': ['Solid Oxide Electrolysis Cell', 'solid oxide electrolyzer', 'SOEC'], 'Solid Oxide Fuel Cell': ['Solid Oxide Fuel Cell', 'SOFC']}
prompt : You are a structured information extraction AI specialized in materials science.

TASK: Extract information for the ontology layer: "Device".

ONTOLOGY LAYER (categories → sample keywords):
{
  "Proton Exchange Membrane Water Electrolyzer": [
    "PEM water electrolysis",
    "acidic water electrolysis",
    "proton exchange membrane electrolyzer",
    "PEMWE",
    "Proton Exchange Membrane Water Electrolyzer"
  ],
  "Proton Exchange Membrane Fuel Cell": [
    "PEM fuel cell",
    "proton exchange membrane",
    "fuel cell",
    "Proton Exchange Membrane Fuel Cell",
    "PEMFC"
  ],
  "Anion Exchange Membrane Water Electrolyzer": [
    "Anion Exchange Membrane Water Electrolyzer",
    "AEM electrolyzer",
    "AEMWE",
    "alkaline water electrolysis"
  ],
  "Anion Exchange Membrane Fuel Cell": [
    "Anion Exchange Membrane Fuel Cell",
    "AEM fuel cell",
    "AEMFC"
  ],
  "Solid Oxide Electrolysis Cell": [
    "Solid Oxide Electrolysis Cell",
    "solid oxide electrolyzer",
    "SOEC"
  ],
  "Solid Oxide Fuel Cell": [
    "Solid Oxide Fuel Cell",
    "SOFC"
  ]
}

TEXT TO ANALYZE:
The development of energy- and time-saving synthetic methods to prepare bifunctional and high stability catalysts are vital for overall water splitting. Here, V-doped nickel-iron hydroxide precursor by etching NiFe foam (NFF) at room temperature with dual chloride solution ("NaCl-VCl3"), is obtained then phosphating to obtain V-Ni2P-FeP/NFF as efficient bifunctional (oxygen/hydrogen exchange reaction, OER/HER) electrocatalysts, denoted as NFF(V, Na)-P. The NFF(V, Na)-P requires only 185 and 117 mV overpotentials to reach 10 mA cm-2 for OER and HER. When used as a catalyst for water splitting in a full cell, it can be stably sustained for more than 1000 h in alkaline brine electrolysis at both current densities of 100 and 500 mA cm-2. In situ Raman analyses and density functional theory (DFT) show that the V-doping-induced surface remodeling generates hydroxyl oxides as the true catalytic active centers, which not only enhances the reaction kinetics, but also reduces the free energy change in the rate-determining step. This work provides a cost-effective substrate self-derivation method to convert commercial NFF into a powerful catalyst for electrolytic brine, offering a unique route to the development of efficient electrocatalysts for saline water splitting.

IMPORTANT ONTOLOGY CONSTRAINTS:
- Only extract relationships (triples/edges) that are valid according to the ontology's allowed domain and range for each relation.
- Use the canonical ontology URIs/types for all nodes and relations, as defined in the ontology.
- If a relationship is not permitted by the ontology (e.g., the source or target type is not allowed for a given relation), SKIP IT and do not include it in the output.
- Do NOT hallucinate or invent relationships that are not explicitly allowed by the ontology.

OUTPUT FORMAT (IMPORTANT):
- OUTPUT MUST BE PURE JSON (a JSON array). DO NOT include code fences, markdown, or any text outside the JSON.
- EACH ITEM must follow this exact schema:
    {
        "layer": "Device",
        "matched_category": "<one of the categories exactly as shown above>",
        "keyword": "<extracted keyword or phrase>",
        "meta_data": "<short supporting snippet from the text>"
    }
- Keep 1–25 items. Use lowercase for keywords where natural.
- If nothing matches, return [] (empty JSON array).

EXAMPLES (DO NOT ECHO; JUST FOLLOW THE FORMAT):
Example:
[
    {
        "layer": "Device",
        "matched_category": "<CategoryName>",
        "keyword": "iridium oxide",
        "meta_data": "… overpotential of 240 mV at 10 mA cm^-2 in acidic media …"
    }
]

NOW RETURN ONLY THE JSON ARRAY as a string. Do not include any characters such as ``` or json or any sort of code formatting.
xxxx
model_output : [
{
"layer": "Device",
"matched_category": "Proton Exchange Membrane Water Electrolyzer",
"keyword": "water splitting",
"meta_data": "… overall water splitting …"
},
{
"layer": "Device",
"matched_category": "Solid Oxide Electrolysis Cell",
"keyword": "electrolysis cell",
"meta_data": "… electrolytic brine, offering a unique route to the development of efficient electrocatalysts for saline water splitting."
}
]
results : [{'layer': 'Device', 'matched_category': 'Proton Exchange Membrane Water Electrolyzer', 'keyword': 'water splitting', 'meta_data': '… overall water splitting …'}, {'layer': 'Device', 'matched_category': 'Solid Oxide Electrolysis Cell', 'keyword': 'electrolysis cell', 'meta_data': '… electrolytic brine, offering a unique route to the development of efficient electrocatalysts for saline water splitting.'}] for paper_id : 642ecf0ac36b743f93f86ddf6053486626e945df
results : [{'layer': 'Device', 'matched_category': 'Proton Exchange Membrane Water Electrolyzer', 'keyword': 'water splitting', 'meta_data': '… overall water splitting …'}, {'layer': 'Device', 'matched_category': 'Solid Oxide Electrolysis Cell', 'keyword': 'electrolysis cell', 'meta_data': '… electrolytic brine, offering a unique route to the development of efficient electrocatalysts for saline water splitting.'}] for paper_id : 642ecf0ac36b743f93f86ddf6053486626e945df
  - Layer: Environment abstract : The development of energy- and time-saving synthetic methods to prepare bifunctional and high stability catalysts are vital for overall water splitting. Here, V-doped nickel-iron hydroxide precursor by etching NiFe foam (NFF) at room temperature with dual chloride solution ("NaCl-VCl3"), is obtained then phosphating to obtain V-Ni2P-FeP/NFF as efficient bifunctional (oxygen/hydrogen exchange reaction, OER/HER) electrocatalysts, denoted as NFF(V, Na)-P. The NFF(V, Na)-P requires only 185 and 117 mV overpotentials to reach 10 mA cm-2 for OER and HER. When used as a catalyst for water splitting in a full cell, it can be stably sustained for more than 1000 h in alkaline brine electrolysis at both current densities of 100 and 500 mA cm-2. In situ Raman analyses and density functional theory (DFT) show that the V-doping-induced surface remodeling generates hydroxyl oxides as the true catalytic active centers, which not only enhances the reaction kinetics, but also reduces the free energy change in the rate-determining step. This work provides a cost-effective substrate self-derivation method to convert commercial NFF into a powerful catalyst for electrolytic brine, offering a unique route to the development of efficient electrocatalysts for saline water splitting. categories : {'Acidic Environment': ['acidic', 'pH<7', 'pH 1', 'Acidic Environment', 'pH<', 'pH=1', 'pH < 7'], 'Alkaline Environment': ['pH>', 'pH>7', 'alkaline', 'basic', 'Alkaline Environment', 'pH=14', 'pH > 7'], 'Neutral Environment': ['neutral pH', 'Neutral Environment', 'pH 7'], 'Operating Temperature': ['80°C', 'temperature', 'Operating Temperature', 'temperature-controlled', '25°C'], 'Operating Pressure': ['pressure', 'Operating Pressure', 'high-pressure', '1 atm', '10 atm']}
prompt : You are a structured information extraction AI specialized in materials science.

TASK: Extract information for the ontology layer: "Environment".

ONTOLOGY LAYER (categories → sample keywords):
{
  "Acidic Environment": [
    "acidic",
    "pH<7",
    "pH 1",
    "Acidic Environment",
    "pH<",
    "pH=1",
    "pH < 7"
  ],
  "Alkaline Environment": [
    "pH>",
    "pH>7",
    "alkaline",
    "basic",
    "Alkaline Environment",
    "pH=14",
    "pH > 7"
  ],
  "Neutral Environment": [
    "neutral pH",
    "Neutral Environment",
    "pH 7"
  ],
  "Operating Temperature": [
    "80°C",
    "temperature",
    "Operating Temperature",
    "temperature-controlled",
    "25°C"
  ],
  "Operating Pressure": [
    "pressure",
    "Operating Pressure",
    "high-pressure",
    "1 atm",
    "10 atm"
  ]
}

TEXT TO ANALYZE:
The development of energy- and time-saving synthetic methods to prepare bifunctional and high stability catalysts are vital for overall water splitting. Here, V-doped nickel-iron hydroxide precursor by etching NiFe foam (NFF) at room temperature with dual chloride solution ("NaCl-VCl3"), is obtained then phosphating to obtain V-Ni2P-FeP/NFF as efficient bifunctional (oxygen/hydrogen exchange reaction, OER/HER) electrocatalysts, denoted as NFF(V, Na)-P. The NFF(V, Na)-P requires only 185 and 117 mV overpotentials to reach 10 mA cm-2 for OER and HER. When used as a catalyst for water splitting in a full cell, it can be stably sustained for more than 1000 h in alkaline brine electrolysis at both current densities of 100 and 500 mA cm-2. In situ Raman analyses and density functional theory (DFT) show that the V-doping-induced surface remodeling generates hydroxyl oxides as the true catalytic active centers, which not only enhances the reaction kinetics, but also reduces the free energy change in the rate-determining step. This work provides a cost-effective substrate self-derivation method to convert commercial NFF into a powerful catalyst for electrolytic brine, offering a unique route to the development of efficient electrocatalysts for saline water splitting.

IMPORTANT ONTOLOGY CONSTRAINTS:
- Only extract relationships (triples/edges) that are valid according to the ontology's allowed domain and range for each relation.
- Use the canonical ontology URIs/types for all nodes and relations, as defined in the ontology.
- If a relationship is not permitted by the ontology (e.g., the source or target type is not allowed for a given relation), SKIP IT and do not include it in the output.
- Do NOT hallucinate or invent relationships that are not explicitly allowed by the ontology.

OUTPUT FORMAT (IMPORTANT):
- OUTPUT MUST BE PURE JSON (a JSON array). DO NOT include code fences, markdown, or any text outside the JSON.
- EACH ITEM must follow this exact schema:
    {
        "layer": "Environment",
        "matched_category": "<one of the categories exactly as shown above>",
        "keyword": "<extracted keyword or phrase>",
        "meta_data": "<short supporting snippet from the text>"
    }
- Keep 1–25 items. Use lowercase for keywords where natural.
- If nothing matches, return [] (empty JSON array).

EXAMPLES (DO NOT ECHO; JUST FOLLOW THE FORMAT):
Example:
[
    {
        "layer": "Environment",
        "matched_category": "<CategoryName>",
        "keyword": "iridium oxide",
        "meta_data": "… overpotential of 240 mV at 10 mA cm^-2 in acidic media …"
    }
]

NOW RETURN ONLY THE JSON ARRAY as a string. Do not include any characters such as ``` or json or any sort of code formatting.
xxxx
model_output : [
    {
        "layer": "Environment",
        "matched_category": "Alkaline Environment",
        "keyword": "alkaline brine electrolysis",
        "meta_data": "… in alkaline brine electrolysis at both current densities of 100 and 500 mA cm^-2"
    },
    {
        "layer": "Environment",
        "matched_category": "Operating Temperature",
        "keyword": "room temperature",
        "meta_data": "… at room temperature with dual chloride solution (\"NaCl-VCl3\") …"
    }
]
results : [{'layer': 'Environment', 'matched_category': 'Alkaline Environment', 'keyword': 'alkaline brine electrolysis', 'meta_data': '… in alkaline brine electrolysis at both current densities of 100 and 500 mA cm^-2'}, {'layer': 'Environment', 'matched_category': 'Operating Temperature', 'keyword': 'room temperature', 'meta_data': '… at room temperature with dual chloride solution ("NaCl-VCl3") …'}] for paper_id : 642ecf0ac36b743f93f86ddf6053486626e945df
results : [{'layer': 'Environment', 'matched_category': 'Alkaline Environment', 'keyword': 'alkaline brine electrolysis', 'meta_data': '… in alkaline brine electrolysis at both current densities of 100 and 500 mA cm^-2'}, {'layer': 'Environment', 'matched_category': 'Operating Temperature', 'keyword': 'room temperature', 'meta_data': '… at room temperature with dual chloride solution ("NaCl-VCl3") …'}] for paper_id : 642ecf0ac36b743f93f86ddf6053486626e945df
  - Layer: Process abstract : The development of energy- and time-saving synthetic methods to prepare bifunctional and high stability catalysts are vital for overall water splitting. Here, V-doped nickel-iron hydroxide precursor by etching NiFe foam (NFF) at room temperature with dual chloride solution ("NaCl-VCl3"), is obtained then phosphating to obtain V-Ni2P-FeP/NFF as efficient bifunctional (oxygen/hydrogen exchange reaction, OER/HER) electrocatalysts, denoted as NFF(V, Na)-P. The NFF(V, Na)-P requires only 185 and 117 mV overpotentials to reach 10 mA cm-2 for OER and HER. When used as a catalyst for water splitting in a full cell, it can be stably sustained for more than 1000 h in alkaline brine electrolysis at both current densities of 100 and 500 mA cm-2. In situ Raman analyses and density functional theory (DFT) show that the V-doping-induced surface remodeling generates hydroxyl oxides as the true catalytic active centers, which not only enhances the reaction kinetics, but also reduces the free energy change in the rate-determining step. This work provides a cost-effective substrate self-derivation method to convert commercial NFF into a powerful catalyst for electrolytic brine, offering a unique route to the development of efficient electrocatalysts for saline water splitting. categories : {'Electrochemical Energy Conversion': ['redox energy', 'electrochemical cell', 'electrochemical process', 'Electrochemical Energy Conversion'], 'Water Electrolysis': ['water splitting', 'electrolysis of water', 'splitting H2O', 'hydrogen from water', 'Water Electrolysis'], 'Electrocatalysis': ['electrode reaction enhancement', 'electrocatalytic', 'Electrocatalysis', 'electrochemical catalysts', 'electrocatalyst']}
prompt : You are a structured information extraction AI specialized in materials science.

TASK: Extract information for the ontology layer: "Process".

ONTOLOGY LAYER (categories → sample keywords):
{
  "Electrochemical Energy Conversion": [
    "redox energy",
    "electrochemical cell",
    "electrochemical process",
    "Electrochemical Energy Conversion"
  ],
  "Water Electrolysis": [
    "water splitting",
    "electrolysis of water",
    "splitting H2O",
    "hydrogen from water",
    "Water Electrolysis"
  ],
  "Electrocatalysis": [
    "electrode reaction enhancement",
    "electrocatalytic",
    "Electrocatalysis",
    "electrochemical catalysts",
    "electrocatalyst"
  ]
}

TEXT TO ANALYZE:
The development of energy- and time-saving synthetic methods to prepare bifunctional and high stability catalysts are vital for overall water splitting. Here, V-doped nickel-iron hydroxide precursor by etching NiFe foam (NFF) at room temperature with dual chloride solution ("NaCl-VCl3"), is obtained then phosphating to obtain V-Ni2P-FeP/NFF as efficient bifunctional (oxygen/hydrogen exchange reaction, OER/HER) electrocatalysts, denoted as NFF(V, Na)-P. The NFF(V, Na)-P requires only 185 and 117 mV overpotentials to reach 10 mA cm-2 for OER and HER. When used as a catalyst for water splitting in a full cell, it can be stably sustained for more than 1000 h in alkaline brine electrolysis at both current densities of 100 and 500 mA cm-2. In situ Raman analyses and density functional theory (DFT) show that the V-doping-induced surface remodeling generates hydroxyl oxides as the true catalytic active centers, which not only enhances the reaction kinetics, but also reduces the free energy change in the rate-determining step. This work provides a cost-effective substrate self-derivation method to convert commercial NFF into a powerful catalyst for electrolytic brine, offering a unique route to the development of efficient electrocatalysts for saline water splitting.

IMPORTANT ONTOLOGY CONSTRAINTS:
- Only extract relationships (triples/edges) that are valid according to the ontology's allowed domain and range for each relation.
- Use the canonical ontology URIs/types for all nodes and relations, as defined in the ontology.
- If a relationship is not permitted by the ontology (e.g., the source or target type is not allowed for a given relation), SKIP IT and do not include it in the output.
- Do NOT hallucinate or invent relationships that are not explicitly allowed by the ontology.

OUTPUT FORMAT (IMPORTANT):
- OUTPUT MUST BE PURE JSON (a JSON array). DO NOT include code fences, markdown, or any text outside the JSON.
- EACH ITEM must follow this exact schema:
    {
        "layer": "Process",
        "matched_category": "<one of the categories exactly as shown above>",
        "keyword": "<extracted keyword or phrase>",
        "meta_data": "<short supporting snippet from the text>"
    }
- Keep 1–25 items. Use lowercase for keywords where natural.
- If nothing matches, return [] (empty JSON array).

EXAMPLES (DO NOT ECHO; JUST FOLLOW THE FORMAT):
Example:
[
    {
        "layer": "Process",
        "matched_category": "<CategoryName>",
        "keyword": "iridium oxide",
        "meta_data": "… overpotential of 240 mV at 10 mA cm^-2 in acidic media …"
    }
]

NOW RETURN ONLY THE JSON ARRAY as a string. Do not include any characters such as ``` or json or any sort of code formatting.
xxxx
model_output : [
    {
        "layer": "Process",
        "matched_category": "Electrochemical Energy Conversion",
        "keyword": "electrolytic brine splitting",
        "meta_data": "… offering a unique route to the development of efficient electrocatalysts for saline water splitting …"
    },
    {
        "layer": "Process",
        "matched_category": "Water Electrolysis",
        "keyword": "water splitting",
        "meta_data": "… to prepare bifunctional and high stability catalysts are vital for overall water splitting …"
    }
]
results : [{'layer': 'Process', 'matched_category': 'Electrochemical Energy Conversion', 'keyword': 'electrolytic brine splitting', 'meta_data': '… offering a unique route to the development of efficient electrocatalysts for saline water splitting …'}, {'layer': 'Process', 'matched_category': 'Water Electrolysis', 'keyword': 'water splitting', 'meta_data': '… to prepare bifunctional and high stability catalysts are vital for overall water splitting …'}] for paper_id : 642ecf0ac36b743f93f86ddf6053486626e945df
results : [{'layer': 'Process', 'matched_category': 'Electrochemical Energy Conversion', 'keyword': 'electrolytic brine splitting', 'meta_data': '… offering a unique route to the development of efficient electrocatalysts for saline water splitting …'}, {'layer': 'Process', 'matched_category': 'Water Electrolysis', 'keyword': 'water splitting', 'meta_data': '… to prepare bifunctional and high stability catalysts are vital for overall water splitting …'}] for paper_id : 642ecf0ac36b743f93f86ddf6053486626e945df
  - Layer: Reaction abstract : The development of energy- and time-saving synthetic methods to prepare bifunctional and high stability catalysts are vital for overall water splitting. Here, V-doped nickel-iron hydroxide precursor by etching NiFe foam (NFF) at room temperature with dual chloride solution ("NaCl-VCl3"), is obtained then phosphating to obtain V-Ni2P-FeP/NFF as efficient bifunctional (oxygen/hydrogen exchange reaction, OER/HER) electrocatalysts, denoted as NFF(V, Na)-P. The NFF(V, Na)-P requires only 185 and 117 mV overpotentials to reach 10 mA cm-2 for OER and HER. When used as a catalyst for water splitting in a full cell, it can be stably sustained for more than 1000 h in alkaline brine electrolysis at both current densities of 100 and 500 mA cm-2. In situ Raman analyses and density functional theory (DFT) show that the V-doping-induced surface remodeling generates hydroxyl oxides as the true catalytic active centers, which not only enhances the reaction kinetics, but also reduces the free energy change in the rate-determining step. This work provides a cost-effective substrate self-derivation method to convert commercial NFF into a powerful catalyst for electrolytic brine, offering a unique route to the development of efficient electrocatalysts for saline water splitting. categories : {'Hydrogen Evolution Reaction': ['HER', 'H2 generation', 'hydrogen evolution', 'reduction of protons', 'Hydrogen Evolution Reaction'], 'Oxygen Evolution Reaction': ['oxygen evolution', 'water oxidation', 'oxygen generation', 'OER', 'Oxygen Evolution Reaction'], 'Proton-Coupled Electron Transfer': ['concerted proton electron transfer', 'PCET', 'proton-electron', 'Proton-Coupled Electron Transfer']}
prompt : You are a structured information extraction AI specialized in materials science.

TASK: Extract information for the ontology layer: "Reaction".

ONTOLOGY LAYER (categories → sample keywords):
{
  "Hydrogen Evolution Reaction": [
    "HER",
    "H2 generation",
    "hydrogen evolution",
    "reduction of protons",
    "Hydrogen Evolution Reaction"
  ],
  "Oxygen Evolution Reaction": [
    "oxygen evolution",
    "water oxidation",
    "oxygen generation",
    "OER",
    "Oxygen Evolution Reaction"
  ],
  "Proton-Coupled Electron Transfer": [
    "concerted proton electron transfer",
    "PCET",
    "proton-electron",
    "Proton-Coupled Electron Transfer"
  ]
}

TEXT TO ANALYZE:
The development of energy- and time-saving synthetic methods to prepare bifunctional and high stability catalysts are vital for overall water splitting. Here, V-doped nickel-iron hydroxide precursor by etching NiFe foam (NFF) at room temperature with dual chloride solution ("NaCl-VCl3"), is obtained then phosphating to obtain V-Ni2P-FeP/NFF as efficient bifunctional (oxygen/hydrogen exchange reaction, OER/HER) electrocatalysts, denoted as NFF(V, Na)-P. The NFF(V, Na)-P requires only 185 and 117 mV overpotentials to reach 10 mA cm-2 for OER and HER. When used as a catalyst for water splitting in a full cell, it can be stably sustained for more than 1000 h in alkaline brine electrolysis at both current densities of 100 and 500 mA cm-2. In situ Raman analyses and density functional theory (DFT) show that the V-doping-induced surface remodeling generates hydroxyl oxides as the true catalytic active centers, which not only enhances the reaction kinetics, but also reduces the free energy change in the rate-determining step. This work provides a cost-effective substrate self-derivation method to convert commercial NFF into a powerful catalyst for electrolytic brine, offering a unique route to the development of efficient electrocatalysts for saline water splitting.

IMPORTANT ONTOLOGY CONSTRAINTS:
- Only extract relationships (triples/edges) that are valid according to the ontology's allowed domain and range for each relation.
- Use the canonical ontology URIs/types for all nodes and relations, as defined in the ontology.
- If a relationship is not permitted by the ontology (e.g., the source or target type is not allowed for a given relation), SKIP IT and do not include it in the output.
- Do NOT hallucinate or invent relationships that are not explicitly allowed by the ontology.

OUTPUT FORMAT (IMPORTANT):
- OUTPUT MUST BE PURE JSON (a JSON array). DO NOT include code fences, markdown, or any text outside the JSON.
- EACH ITEM must follow this exact schema:
    {
        "layer": "Reaction",
        "matched_category": "<one of the categories exactly as shown above>",
        "keyword": "<extracted keyword or phrase>",
        "meta_data": "<short supporting snippet from the text>"
    }
- Keep 1–25 items. Use lowercase for keywords where natural.
- If nothing matches, return [] (empty JSON array).

EXAMPLES (DO NOT ECHO; JUST FOLLOW THE FORMAT):
Example:
[
    {
        "layer": "Reaction",
        "matched_category": "<CategoryName>",
        "keyword": "iridium oxide",
        "meta_data": "… overpotential of 240 mV at 10 mA cm^-2 in acidic media …"
    }
]

NOW RETURN ONLY THE JSON ARRAY as a string. Do not include any characters such as ``` or json or any sort of code formatting.
xxxx
model_output : [
    {
        "layer": "Reaction",
        "matched_category": "Oxygen Evolution Reaction",
        "keyword": "oxygen evolution",
        "meta_data": "… bifunctional electrocatalysts for oxygen/hydrogen exchange reaction …"
    },
    {
        "layer": "Reaction",
        "matched_category": "Hydrogen Evolution Reaction",
        "keyword": "hydrogen evolution",
        "meta_data": "… only 185 mV overpotential to reach 10 mA cm^-2 for hydrogen evolution …"
    }
]
results : [{'layer': 'Reaction', 'matched_category': 'Oxygen Evolution Reaction', 'keyword': 'oxygen evolution', 'meta_data': '… bifunctional electrocatalysts for oxygen/hydrogen exchange reaction …'}, {'layer': 'Reaction', 'matched_category': 'Hydrogen Evolution Reaction', 'keyword': 'hydrogen evolution', 'meta_data': '… only 185 mV overpotential to reach 10 mA cm^-2 for hydrogen evolution …'}] for paper_id : 642ecf0ac36b743f93f86ddf6053486626e945df
results : [{'layer': 'Reaction', 'matched_category': 'Oxygen Evolution Reaction', 'keyword': 'oxygen evolution', 'meta_data': '… bifunctional electrocatalysts for oxygen/hydrogen exchange reaction …'}, {'layer': 'Reaction', 'matched_category': 'Hydrogen Evolution Reaction', 'keyword': 'hydrogen evolution', 'meta_data': '… only 185 mV overpotential to reach 10 mA cm^-2 for hydrogen evolution …'}] for paper_id : 642ecf0ac36b743f93f86ddf6053486626e945df
  - Layer: Element abstract : The development of energy- and time-saving synthetic methods to prepare bifunctional and high stability catalysts are vital for overall water splitting. Here, V-doped nickel-iron hydroxide precursor by etching NiFe foam (NFF) at room temperature with dual chloride solution ("NaCl-VCl3"), is obtained then phosphating to obtain V-Ni2P-FeP/NFF as efficient bifunctional (oxygen/hydrogen exchange reaction, OER/HER) electrocatalysts, denoted as NFF(V, Na)-P. The NFF(V, Na)-P requires only 185 and 117 mV overpotentials to reach 10 mA cm-2 for OER and HER. When used as a catalyst for water splitting in a full cell, it can be stably sustained for more than 1000 h in alkaline brine electrolysis at both current densities of 100 and 500 mA cm-2. In situ Raman analyses and density functional theory (DFT) show that the V-doping-induced surface remodeling generates hydroxyl oxides as the true catalytic active centers, which not only enhances the reaction kinetics, but also reduces the free energy change in the rate-determining step. This work provides a cost-effective substrate self-derivation method to convert commercial NFF into a powerful catalyst for electrolytic brine, offering a unique route to the development of efficient electrocatalysts for saline water splitting. categories : {'Iron': ['Fe2+', 'Fe3+', 'Iron', 'Fe', 'iron-based catalyst'], 'Nickel': ['Ni', 'nickel foam', 'Nickel', 'nickel oxide'], 'Cobalt': ['cobalt-doped', 'Co3O4', 'Cobalt', 'Co'], 'Transition Metals': ['first-row metals', 'transition metal', 'Transition Metals', 'd-block metal'], 'Earth-Abundant Elements': ['earth abundant', 'earth-abundant', 'Earth-Abundant Elements', 'low-cost metals', 'non-precious']}
prompt : You are a structured information extraction AI specialized in materials science.

TASK: Extract information for the ontology layer: "Element".

ONTOLOGY LAYER (categories → sample keywords):
{
  "Iron": [
    "Fe2+",
    "Fe3+",
    "Iron",
    "Fe",
    "iron-based catalyst"
  ],
  "Nickel": [
    "Ni",
    "nickel foam",
    "Nickel",
    "nickel oxide"
  ],
  "Cobalt": [
    "cobalt-doped",
    "Co3O4",
    "Cobalt",
    "Co"
  ],
  "Transition Metals": [
    "first-row metals",
    "transition metal",
    "Transition Metals",
    "d-block metal"
  ],
  "Earth-Abundant Elements": [
    "earth abundant",
    "earth-abundant",
    "Earth-Abundant Elements",
    "low-cost metals",
    "non-precious"
  ]
}

TEXT TO ANALYZE:
The development of energy- and time-saving synthetic methods to prepare bifunctional and high stability catalysts are vital for overall water splitting. Here, V-doped nickel-iron hydroxide precursor by etching NiFe foam (NFF) at room temperature with dual chloride solution ("NaCl-VCl3"), is obtained then phosphating to obtain V-Ni2P-FeP/NFF as efficient bifunctional (oxygen/hydrogen exchange reaction, OER/HER) electrocatalysts, denoted as NFF(V, Na)-P. The NFF(V, Na)-P requires only 185 and 117 mV overpotentials to reach 10 mA cm-2 for OER and HER. When used as a catalyst for water splitting in a full cell, it can be stably sustained for more than 1000 h in alkaline brine electrolysis at both current densities of 100 and 500 mA cm-2. In situ Raman analyses and density functional theory (DFT) show that the V-doping-induced surface remodeling generates hydroxyl oxides as the true catalytic active centers, which not only enhances the reaction kinetics, but also reduces the free energy change in the rate-determining step. This work provides a cost-effective substrate self-derivation method to convert commercial NFF into a powerful catalyst for electrolytic brine, offering a unique route to the development of efficient electrocatalysts for saline water splitting.

IMPORTANT ONTOLOGY CONSTRAINTS:
- Only extract relationships (triples/edges) that are valid according to the ontology's allowed domain and range for each relation.
- Use the canonical ontology URIs/types for all nodes and relations, as defined in the ontology.
- If a relationship is not permitted by the ontology (e.g., the source or target type is not allowed for a given relation), SKIP IT and do not include it in the output.
- Do NOT hallucinate or invent relationships that are not explicitly allowed by the ontology.

OUTPUT FORMAT (IMPORTANT):
- OUTPUT MUST BE PURE JSON (a JSON array). DO NOT include code fences, markdown, or any text outside the JSON.
- EACH ITEM must follow this exact schema:
    {
        "layer": "Element",
        "matched_category": "<one of the categories exactly as shown above>",
        "keyword": "<extracted keyword or phrase>",
        "meta_data": "<short supporting snippet from the text>"
    }
- Keep 1–25 items. Use lowercase for keywords where natural.
- If nothing matches, return [] (empty JSON array).

EXAMPLES (DO NOT ECHO; JUST FOLLOW THE FORMAT):
Example:
[
    {
        "layer": "Element",
        "matched_category": "<CategoryName>",
        "keyword": "iridium oxide",
        "meta_data": "… overpotential of 240 mV at 10 mA cm^-2 in acidic media …"
    }
]

NOW RETURN ONLY THE JSON ARRAY as a string. Do not include any characters such as ``` or json or any sort of code formatting.
xxxx
model_output : [
    {
        "layer": "Element",
        "matched_category": "Transition Metals",
        "keyword": "iron",
        "meta_data": "V-doped nickel-iron hydroxide precursor by etching NiFe foam (NFF) at room temperature with dual chloride solution"
    },
    {
        "layer": "Element",
        "matched_category": "Nickel",
        "keyword": "nickel",
        "meta_data": "V-doped nickel-iron hydroxide precursor by etching NiFe foam (NFF) at room temperature with dual chloride solution"
    },
    {
        "layer": "Element",
        "matched_category": "Iron",
        "keyword": "iron",
        "meta_data": "V-doped nickel-iron hydroxide precursor by etching NiFe foam (NFF) at room temperature with dual chloride solution"
    }
]
results : [{'layer': 'Element', 'matched_category': 'Transition Metals', 'keyword': 'iron', 'meta_data': 'V-doped nickel-iron hydroxide precursor by etching NiFe foam (NFF) at room temperature with dual chloride solution'}, {'layer': 'Element', 'matched_category': 'Nickel', 'keyword': 'nickel', 'meta_data': 'V-doped nickel-iron hydroxide precursor by etching NiFe foam (NFF) at room temperature with dual chloride solution'}, {'layer': 'Element', 'matched_category': 'Iron', 'keyword': 'iron', 'meta_data': 'V-doped nickel-iron hydroxide precursor by etching NiFe foam (NFF) at room temperature with dual chloride solution'}] for paper_id : 642ecf0ac36b743f93f86ddf6053486626e945df
results : [{'layer': 'Element', 'matched_category': 'Transition Metals', 'keyword': 'iron', 'meta_data': 'V-doped nickel-iron hydroxide precursor by etching NiFe foam (NFF) at room temperature with dual chloride solution'}, {'layer': 'Element', 'matched_category': 'Nickel', 'keyword': 'nickel', 'meta_data': 'V-doped nickel-iron hydroxide precursor by etching NiFe foam (NFF) at room temperature with dual chloride solution'}, {'layer': 'Element', 'matched_category': 'Iron', 'keyword': 'iron', 'meta_data': 'V-doped nickel-iron hydroxide precursor by etching NiFe foam (NFF) at room temperature with dual chloride solution'}] for paper_id : 642ecf0ac36b743f93f86ddf6053486626e945df
  - Layer: Material abstract : The development of energy- and time-saving synthetic methods to prepare bifunctional and high stability catalysts are vital for overall water splitting. Here, V-doped nickel-iron hydroxide precursor by etching NiFe foam (NFF) at room temperature with dual chloride solution ("NaCl-VCl3"), is obtained then phosphating to obtain V-Ni2P-FeP/NFF as efficient bifunctional (oxygen/hydrogen exchange reaction, OER/HER) electrocatalysts, denoted as NFF(V, Na)-P. The NFF(V, Na)-P requires only 185 and 117 mV overpotentials to reach 10 mA cm-2 for OER and HER. When used as a catalyst for water splitting in a full cell, it can be stably sustained for more than 1000 h in alkaline brine electrolysis at both current densities of 100 and 500 mA cm-2. In situ Raman analyses and density functional theory (DFT) show that the V-doping-induced surface remodeling generates hydroxyl oxides as the true catalytic active centers, which not only enhances the reaction kinetics, but also reduces the free energy change in the rate-determining step. This work provides a cost-effective substrate self-derivation method to convert commercial NFF into a powerful catalyst for electrolytic brine, offering a unique route to the development of efficient electrocatalysts for saline water splitting. categories : {'Metal Oxides': ['NiO', 'Metal Oxides', 'oxide layer', 'metal oxide', 'Fe2O3'], '2D Materials': ['nanosheets', 'graphene', 'MoS2', '2D Materials']}
prompt : You are a structured information extraction AI specialized in materials science.

TASK: Extract information for the ontology layer: "Material".

ONTOLOGY LAYER (categories → sample keywords):
{
  "Metal Oxides": [
    "NiO",
    "Metal Oxides",
    "oxide layer",
    "metal oxide",
    "Fe2O3"
  ],
  "2D Materials": [
    "nanosheets",
    "graphene",
    "MoS2",
    "2D Materials"
  ]
}

TEXT TO ANALYZE:
The development of energy- and time-saving synthetic methods to prepare bifunctional and high stability catalysts are vital for overall water splitting. Here, V-doped nickel-iron hydroxide precursor by etching NiFe foam (NFF) at room temperature with dual chloride solution ("NaCl-VCl3"), is obtained then phosphating to obtain V-Ni2P-FeP/NFF as efficient bifunctional (oxygen/hydrogen exchange reaction, OER/HER) electrocatalysts, denoted as NFF(V, Na)-P. The NFF(V, Na)-P requires only 185 and 117 mV overpotentials to reach 10 mA cm-2 for OER and HER. When used as a catalyst for water splitting in a full cell, it can be stably sustained for more than 1000 h in alkaline brine electrolysis at both current densities of 100 and 500 mA cm-2. In situ Raman analyses and density functional theory (DFT) show that the V-doping-induced surface remodeling generates hydroxyl oxides as the true catalytic active centers, which not only enhances the reaction kinetics, but also reduces the free energy change in the rate-determining step. This work provides a cost-effective substrate self-derivation method to convert commercial NFF into a powerful catalyst for electrolytic brine, offering a unique route to the development of efficient electrocatalysts for saline water splitting.

IMPORTANT ONTOLOGY CONSTRAINTS:
- Only extract relationships (triples/edges) that are valid according to the ontology's allowed domain and range for each relation.
- Use the canonical ontology URIs/types for all nodes and relations, as defined in the ontology.
- If a relationship is not permitted by the ontology (e.g., the source or target type is not allowed for a given relation), SKIP IT and do not include it in the output.
- Do NOT hallucinate or invent relationships that are not explicitly allowed by the ontology.

OUTPUT FORMAT (IMPORTANT):
- OUTPUT MUST BE PURE JSON (a JSON array). DO NOT include code fences, markdown, or any text outside the JSON.
- EACH ITEM must follow this exact schema:
    {
        "layer": "Material",
        "matched_category": "<one of the categories exactly as shown above>",
        "keyword": "<extracted keyword or phrase>",
        "meta_data": "<short supporting snippet from the text>"
    }
- Keep 1–25 items. Use lowercase for keywords where natural.
- If nothing matches, return [] (empty JSON array).

EXAMPLES (DO NOT ECHO; JUST FOLLOW THE FORMAT):
Example:
[
    {
        "layer": "Material",
        "matched_category": "<CategoryName>",
        "keyword": "iridium oxide",
        "meta_data": "… overpotential of 240 mV at 10 mA cm^-2 in acidic media …"
    }
]

NOW RETURN ONLY THE JSON ARRAY as a string. Do not include any characters such as ``` or json or any sort of code formatting.
xxxx
model_output : [
{
"layer": "Material",
"matched_category": "Metal Oxides",
"keyword": "nickel-iron hydroxide",
"meta_data": "… V-doped nickel-iron hydroxide precursor by etching NiFe foam (NFF) …"
},
{
"layer": "Material",
"matched_category": "Metal Oxides",
"keyword": "nickel oxide",
"meta_data": "… etching NiFe foam (NFF) at room temperature with dual chloride solution …"
},
{
"layer": "Material",
"matched_category": "2D Materials",
"keyword": "graphene",
"meta_data": null
},
{
"layer": "Material",
"matched_category": "Metal Oxides",
"keyword": "Fe2O3",
"meta_data": null
}
]
results : [{'layer': 'Material', 'matched_category': 'Metal Oxides', 'keyword': 'nickel-iron hydroxide', 'meta_data': '… V-doped nickel-iron hydroxide precursor by etching NiFe foam (NFF) …'}, {'layer': 'Material', 'matched_category': 'Metal Oxides', 'keyword': 'nickel oxide', 'meta_data': '… etching NiFe foam (NFF) at room temperature with dual chloride solution …'}, {'layer': 'Material', 'matched_category': '2D Materials', 'keyword': 'graphene', 'meta_data': 'None'}, {'layer': 'Material', 'matched_category': 'Metal Oxides', 'keyword': 'Fe2O3', 'meta_data': 'None'}] for paper_id : 642ecf0ac36b743f93f86ddf6053486626e945df
results : [{'layer': 'Material', 'matched_category': 'Metal Oxides', 'keyword': 'nickel-iron hydroxide', 'meta_data': '… V-doped nickel-iron hydroxide precursor by etching NiFe foam (NFF) …'}, {'layer': 'Material', 'matched_category': 'Metal Oxides', 'keyword': 'nickel oxide', 'meta_data': '… etching NiFe foam (NFF) at room temperature with dual chloride solution …'}, {'layer': 'Material', 'matched_category': '2D Materials', 'keyword': 'graphene', 'meta_data': 'None'}, {'layer': 'Material', 'matched_category': 'Metal Oxides', 'keyword': 'Fe2O3', 'meta_data': 'None'}] for paper_id : 642ecf0ac36b743f93f86ddf6053486626e945df
  - Layer: PerformanceMetric abstract : The development of energy- and time-saving synthetic methods to prepare bifunctional and high stability catalysts are vital for overall water splitting. Here, V-doped nickel-iron hydroxide precursor by etching NiFe foam (NFF) at room temperature with dual chloride solution ("NaCl-VCl3"), is obtained then phosphating to obtain V-Ni2P-FeP/NFF as efficient bifunctional (oxygen/hydrogen exchange reaction, OER/HER) electrocatalysts, denoted as NFF(V, Na)-P. The NFF(V, Na)-P requires only 185 and 117 mV overpotentials to reach 10 mA cm-2 for OER and HER. When used as a catalyst for water splitting in a full cell, it can be stably sustained for more than 1000 h in alkaline brine electrolysis at both current densities of 100 and 500 mA cm-2. In situ Raman analyses and density functional theory (DFT) show that the V-doping-induced surface remodeling generates hydroxyl oxides as the true catalytic active centers, which not only enhances the reaction kinetics, but also reduces the free energy change in the rate-determining step. This work provides a cost-effective substrate self-derivation method to convert commercial NFF into a powerful catalyst for electrolytic brine, offering a unique route to the development of efficient electrocatalysts for saline water splitting. categories : {'Overpotential': ['potential above thermodynamic', 'Overpotential', 'overpotential of', 'η = '], 'Tafel Slope': ['mV dec⁻¹', 'Tafel plot', 'Tafel slope', 'Tafel Slope'], 'Exchange Current Density': ['Exchange Current Density', 'j0', 'baseline current', 'exchange current density']}
prompt : You are a structured information extraction AI specialized in materials science.

TASK: Extract information for the ontology layer: "PerformanceMetric".

ONTOLOGY LAYER (categories → sample keywords):
{
  "Overpotential": [
    "potential above thermodynamic",
    "Overpotential",
    "overpotential of",
    "η = "
  ],
  "Tafel Slope": [
    "mV dec⁻¹",
    "Tafel plot",
    "Tafel slope",
    "Tafel Slope"
  ],
  "Exchange Current Density": [
    "Exchange Current Density",
    "j0",
    "baseline current",
    "exchange current density"
  ]
}

TEXT TO ANALYZE:
The development of energy- and time-saving synthetic methods to prepare bifunctional and high stability catalysts are vital for overall water splitting. Here, V-doped nickel-iron hydroxide precursor by etching NiFe foam (NFF) at room temperature with dual chloride solution ("NaCl-VCl3"), is obtained then phosphating to obtain V-Ni2P-FeP/NFF as efficient bifunctional (oxygen/hydrogen exchange reaction, OER/HER) electrocatalysts, denoted as NFF(V, Na)-P. The NFF(V, Na)-P requires only 185 and 117 mV overpotentials to reach 10 mA cm-2 for OER and HER. When used as a catalyst for water splitting in a full cell, it can be stably sustained for more than 1000 h in alkaline brine electrolysis at both current densities of 100 and 500 mA cm-2. In situ Raman analyses and density functional theory (DFT) show that the V-doping-induced surface remodeling generates hydroxyl oxides as the true catalytic active centers, which not only enhances the reaction kinetics, but also reduces the free energy change in the rate-determining step. This work provides a cost-effective substrate self-derivation method to convert commercial NFF into a powerful catalyst for electrolytic brine, offering a unique route to the development of efficient electrocatalysts for saline water splitting.

IMPORTANT ONTOLOGY CONSTRAINTS:
- Only extract relationships (triples/edges) that are valid according to the ontology's allowed domain and range for each relation.
- Use the canonical ontology URIs/types for all nodes and relations, as defined in the ontology.
- If a relationship is not permitted by the ontology (e.g., the source or target type is not allowed for a given relation), SKIP IT and do not include it in the output.
- Do NOT hallucinate or invent relationships that are not explicitly allowed by the ontology.

OUTPUT FORMAT (IMPORTANT):
- OUTPUT MUST BE PURE JSON (a JSON array). DO NOT include code fences, markdown, or any text outside the JSON.
- EACH ITEM must follow this exact schema:
    {
        "layer": "PerformanceMetric",
        "matched_category": "<one of the categories exactly as shown above>",
        "keyword": "<extracted keyword or phrase>",
        "meta_data": "<short supporting snippet from the text>"
    }
- Keep 1–25 items. Use lowercase for keywords where natural.
- If nothing matches, return [] (empty JSON array).

EXAMPLES (DO NOT ECHO; JUST FOLLOW THE FORMAT):
Example:
[
    {
        "layer": "PerformanceMetric",
        "matched_category": "<CategoryName>",
        "keyword": "iridium oxide",
        "meta_data": "… overpotential of 240 mV at 10 mA cm^-2 in acidic media …"
    }
]

NOW RETURN ONLY THE JSON ARRAY as a string. Do not include any characters such as ``` or json or any sort of code formatting.
xxxx
model_output : [
    {
        "layer": "PerformanceMetric",
        "matched_category": "Overpotential",
        "keyword": "185 mV",
        "meta_data": "requires only 185 and 117 mV overpotentials to reach 10 mA cm-2 for OER and HER"
    },
    {
        "layer": "PerformanceMetric",
        "matched_category": "Overpotential",
        "keyword": "117 mV",
        "meta_data": "requires only 185 and 117 mV overpotentials to reach 10 mA cm-2 for OER and HER"
    }
]
results : [{'layer': 'PerformanceMetric', 'matched_category': 'Overpotential', 'keyword': '185 mV', 'meta_data': 'requires only 185 and 117 mV overpotentials to reach 10 mA cm-2 for OER and HER'}, {'layer': 'PerformanceMetric', 'matched_category': 'Overpotential', 'keyword': '117 mV', 'meta_data': 'requires only 185 and 117 mV overpotentials to reach 10 mA cm-2 for OER and HER'}] for paper_id : 642ecf0ac36b743f93f86ddf6053486626e945df
results : [{'layer': 'PerformanceMetric', 'matched_category': 'Overpotential', 'keyword': '185 mV', 'meta_data': 'requires only 185 and 117 mV overpotentials to reach 10 mA cm-2 for OER and HER'}, {'layer': 'PerformanceMetric', 'matched_category': 'Overpotential', 'keyword': '117 mV', 'meta_data': 'requires only 185 and 117 mV overpotentials to reach 10 mA cm-2 for OER and HER'}] for paper_id : 642ecf0ac36b743f93f86ddf6053486626e945df
  - Layer: Application abstract : The development of energy- and time-saving synthetic methods to prepare bifunctional and high stability catalysts are vital for overall water splitting. Here, V-doped nickel-iron hydroxide precursor by etching NiFe foam (NFF) at room temperature with dual chloride solution ("NaCl-VCl3"), is obtained then phosphating to obtain V-Ni2P-FeP/NFF as efficient bifunctional (oxygen/hydrogen exchange reaction, OER/HER) electrocatalysts, denoted as NFF(V, Na)-P. The NFF(V, Na)-P requires only 185 and 117 mV overpotentials to reach 10 mA cm-2 for OER and HER. When used as a catalyst for water splitting in a full cell, it can be stably sustained for more than 1000 h in alkaline brine electrolysis at both current densities of 100 and 500 mA cm-2. In situ Raman analyses and density functional theory (DFT) show that the V-doping-induced surface remodeling generates hydroxyl oxides as the true catalytic active centers, which not only enhances the reaction kinetics, but also reduces the free energy change in the rate-determining step. This work provides a cost-effective substrate self-derivation method to convert commercial NFF into a powerful catalyst for electrolytic brine, offering a unique route to the development of efficient electrocatalysts for saline water splitting. categories : {'Green Hydrogen Economy': ['green hydrogen', 'renewable hydrogen', 'Green Hydrogen Economy', 'H2 economy']}
prompt : You are a structured information extraction AI specialized in materials science.

TASK: Extract information for the ontology layer: "Application".

ONTOLOGY LAYER (categories → sample keywords):
{
  "Green Hydrogen Economy": [
    "green hydrogen",
    "renewable hydrogen",
    "Green Hydrogen Economy",
    "H2 economy"
  ]
}

TEXT TO ANALYZE:
The development of energy- and time-saving synthetic methods to prepare bifunctional and high stability catalysts are vital for overall water splitting. Here, V-doped nickel-iron hydroxide precursor by etching NiFe foam (NFF) at room temperature with dual chloride solution ("NaCl-VCl3"), is obtained then phosphating to obtain V-Ni2P-FeP/NFF as efficient bifunctional (oxygen/hydrogen exchange reaction, OER/HER) electrocatalysts, denoted as NFF(V, Na)-P. The NFF(V, Na)-P requires only 185 and 117 mV overpotentials to reach 10 mA cm-2 for OER and HER. When used as a catalyst for water splitting in a full cell, it can be stably sustained for more than 1000 h in alkaline brine electrolysis at both current densities of 100 and 500 mA cm-2. In situ Raman analyses and density functional theory (DFT) show that the V-doping-induced surface remodeling generates hydroxyl oxides as the true catalytic active centers, which not only enhances the reaction kinetics, but also reduces the free energy change in the rate-determining step. This work provides a cost-effective substrate self-derivation method to convert commercial NFF into a powerful catalyst for electrolytic brine, offering a unique route to the development of efficient electrocatalysts for saline water splitting.

IMPORTANT ONTOLOGY CONSTRAINTS:
- Only extract relationships (triples/edges) that are valid according to the ontology's allowed domain and range for each relation.
- Use the canonical ontology URIs/types for all nodes and relations, as defined in the ontology.
- If a relationship is not permitted by the ontology (e.g., the source or target type is not allowed for a given relation), SKIP IT and do not include it in the output.
- Do NOT hallucinate or invent relationships that are not explicitly allowed by the ontology.

OUTPUT FORMAT (IMPORTANT):
- OUTPUT MUST BE PURE JSON (a JSON array). DO NOT include code fences, markdown, or any text outside the JSON.
- EACH ITEM must follow this exact schema:
    {
        "layer": "Application",
        "matched_category": "<one of the categories exactly as shown above>",
        "keyword": "<extracted keyword or phrase>",
        "meta_data": "<short supporting snippet from the text>"
    }
- Keep 1–25 items. Use lowercase for keywords where natural.
- If nothing matches, return [] (empty JSON array).

EXAMPLES (DO NOT ECHO; JUST FOLLOW THE FORMAT):
Example:
[
    {
        "layer": "Application",
        "matched_category": "<CategoryName>",
        "keyword": "iridium oxide",
        "meta_data": "… overpotential of 240 mV at 10 mA cm^-2 in acidic media …"
    }
]

NOW RETURN ONLY THE JSON ARRAY as a string. Do not include any characters such as ``` or json or any sort of code formatting.
xxxx
model_output : [
{
"layer": "Application",
"matched_category": "Green Hydrogen Economy",
"keyword": "water splitting",
"meta_data": "The development of energy- and time-saving synthetic methods to prepare bifunctional and high stability catalysts are vital for overall water splitting."
},
{
"layer": "Application",
"matched_category": "Green Hydrogen Economy",
"keyword": "electrolytic brine",
"meta_data": "When used as a catalyst for water splitting in a full cell, it can be stably sustained for more than 1000 h in alkaline brine electrolysis at both current densities of 100 and 500 mA cm-2."
},
{
"layer": "Application",
"matched_category": "Green Hydrogen Economy",
"keyword": "saline water splitting",
"meta_data": "This work provides a cost-effective substrate self-derivation method to convert commercial NFF into a powerful catalyst for electrolytic brine, offering a unique route to the development of efficient electrocatalysts for saline water splitting."
}
]
results : [{'layer': 'Application', 'matched_category': 'Green Hydrogen Economy', 'keyword': 'water splitting', 'meta_data': 'The development of energy- and time-saving synthetic methods to prepare bifunctional and high stability catalysts are vital for overall water splitting.'}, {'layer': 'Application', 'matched_category': 'Green Hydrogen Economy', 'keyword': 'electrolytic brine', 'meta_data': 'When used as a catalyst for water splitting in a full cell, it can be stably sustained for more than 1000 h in alkaline brine electrolysis at both current densities of 100 and 500 mA cm-2.'}, {'layer': 'Application', 'matched_category': 'Green Hydrogen Economy', 'keyword': 'saline water splitting', 'meta_data': 'This work provides a cost-effective substrate self-derivation method to convert commercial NFF into a powerful catalyst for electrolytic brine, offering a unique route to the development of efficient electrocatalysts for saline water splitting.'}] for paper_id : 642ecf0ac36b743f93f86ddf6053486626e945df
results : [{'layer': 'Application', 'matched_category': 'Green Hydrogen Economy', 'keyword': 'water splitting', 'meta_data': 'The development of energy- and time-saving synthetic methods to prepare bifunctional and high stability catalysts are vital for overall water splitting.'}, {'layer': 'Application', 'matched_category': 'Green Hydrogen Economy', 'keyword': 'electrolytic brine', 'meta_data': 'When used as a catalyst for water splitting in a full cell, it can be stably sustained for more than 1000 h in alkaline brine electrolysis at both current densities of 100 and 500 mA cm-2.'}, {'layer': 'Application', 'matched_category': 'Green Hydrogen Economy', 'keyword': 'saline water splitting', 'meta_data': 'This work provides a cost-effective substrate self-derivation method to convert commercial NFF into a powerful catalyst for electrolytic brine, offering a unique route to the development of efficient electrocatalysts for saline water splitting.'}] for paper_id : 642ecf0ac36b743f93f86ddf6053486626e945df
  - Layer: owl:ObjectProperty abstract : Electrocatalytic hydrogen production from water is limited by sluggish kinetics and requires a highly overpotential of anodic oxygen evolution reaction (OER) and cathodic hydrogen evolution reaction (HER). NiFe double hydroxides (NiFe-LDH) bifunctional group catalyst is applied to OER/HER under alkaline conditions. The good chemical contact between LDH nanosheets grown in situ (NiFe-LDH) on nickel foam (NF) and nickel foam substrate improves the electrons and ions transportation in the reaction process, which is beneficial to promote the OER/HER. The results show only 464.6/219.4 mV overpotential (vs reversible hydrogen electrode (RHE)) at 100/10 mA cm−2 for OER/HER, respectively. The stability of D0 (stands for NiFe-LDH/NF) was measured at 10 mA cm−2 worked continuously for 24 h, and it is found that D0 exhibits excellent stable catalytic performance. This work opens up a simple way to design and prepare the efficient, low-cost, and easily synthetic earth-rich electrocatalysts. categories : {'emmo-electro:catalyzes': [], 'emmo-electro:occursIn': [], 'emmo-electro:hasMetric': [], 'emmo-electro:hasDopant': []}
prompt : You are a structured information extraction AI specialized in materials science.

TASK: Extract information for the ontology layer: "owl:ObjectProperty".

ONTOLOGY LAYER (categories → sample keywords):
{
  "emmo-electro:catalyzes": [],
  "emmo-electro:occursIn": [],
  "emmo-electro:hasMetric": [],
  "emmo-electro:hasDopant": []
}

TEXT TO ANALYZE:
Electrocatalytic hydrogen production from water is limited by sluggish kinetics and requires a highly overpotential of anodic oxygen evolution reaction (OER) and cathodic hydrogen evolution reaction (HER). NiFe double hydroxides (NiFe-LDH) bifunctional group catalyst is applied to OER/HER under alkaline conditions. The good chemical contact between LDH nanosheets grown in situ (NiFe-LDH) on nickel foam (NF) and nickel foam substrate improves the electrons and ions transportation in the reaction process, which is beneficial to promote the OER/HER. The results show only 464.6/219.4 mV overpotential (vs reversible hydrogen electrode (RHE)) at 100/10 mA cm−2 for OER/HER, respectively. The stability of D0 (stands for NiFe-LDH/NF) was measured at 10 mA cm−2 worked continuously for 24 h, and it is found that D0 exhibits excellent stable catalytic performance. This work opens up a simple way to design and prepare the efficient, low-cost, and easily synthetic earth-rich electrocatalysts.

IMPORTANT ONTOLOGY CONSTRAINTS:
- Only extract relationships (triples/edges) that are valid according to the ontology's allowed domain and range for each relation.
- Use the canonical ontology URIs/types for all nodes and relations, as defined in the ontology.
- If a relationship is not permitted by the ontology (e.g., the source or target type is not allowed for a given relation), SKIP IT and do not include it in the output.
- Do NOT hallucinate or invent relationships that are not explicitly allowed by the ontology.

OUTPUT FORMAT (IMPORTANT):
- OUTPUT MUST BE PURE JSON (a JSON array). DO NOT include code fences, markdown, or any text outside the JSON.
- EACH ITEM must follow this exact schema:
    {
        "layer": "owl:ObjectProperty",
        "matched_category": "<one of the categories exactly as shown above>",
        "keyword": "<extracted keyword or phrase>",
        "meta_data": "<short supporting snippet from the text>"
    }
- Keep 1–25 items. Use lowercase for keywords where natural.
- If nothing matches, return [] (empty JSON array).

EXAMPLES (DO NOT ECHO; JUST FOLLOW THE FORMAT):
Example:
[
    {
        "layer": "owl:ObjectProperty",
        "matched_category": "<CategoryName>",
        "keyword": "iridium oxide",
        "meta_data": "… overpotential of 240 mV at 10 mA cm^-2 in acidic media …"
    }
]

NOW RETURN ONLY THE JSON ARRAY as a string. Do not include any characters such as ``` or json or any sort of code formatting.
xxxx
model_output : [
{
"layer": "owl:ObjectProperty",
"matched_category": "emmo-electro:catalyzes",
"keyword": "bifunctional group catalyst",
"meta_data": "NiFe double hydroxides (NiFe-LDH) bifunctional group catalyst is applied to OER/HER under alkaline conditions."
},
{
"layer": "owl:ObjectProperty",
"matched_category": "emmo-electro:hasMetric",
"keyword": "overpotential",
"meta_data": "The results show only 464.6/219.4 mV overpotential (vs reversible hydrogen electrode (RHE)) at 100/10 mA cm−2 for OER/HER, respectively."
},
{
"layer": "owl:ObjectProperty",
"matched_category": "emmo-electro:hasDopant",
"keyword": "nickel foam",
"meta_data": "NiFe-LDH) on nickel foam (NF) and nickel foam substrate improves the electrons and ions transportation in the reaction process,"
}
results : [{'layer': 'owl:ObjectProperty', 'matched_category': 'emmo-electro:catalyzes', 'keyword': 'bifunctional group catalyst', 'meta_data': 'NiFe double hydroxides (NiFe-LDH) bifunctional group catalyst is applied to OER/HER under alkaline conditions.'}, {'layer': 'owl:ObjectProperty', 'matched_category': 'emmo-electro:hasMetric', 'keyword': 'overpotential', 'meta_data': 'The results show only 464.6/219.4 mV overpotential (vs reversible hydrogen electrode (RHE)) at 100/10 mA cm−2 for OER/HER, respectively.'}, {'layer': 'owl:ObjectProperty', 'matched_category': 'emmo-electro:hasDopant', 'keyword': 'nickel foam', 'meta_data': 'NiFe-LDH) on nickel foam (NF) and nickel foam substrate improves the electrons and ions transportation in the reaction process,'}] for paper_id : 9f1eb177e685bd3596719d14bf5c2efaa7a0bd07
results : [{'layer': 'owl:ObjectProperty', 'matched_category': 'emmo-electro:catalyzes', 'keyword': 'bifunctional group catalyst', 'meta_data': 'NiFe double hydroxides (NiFe-LDH) bifunctional group catalyst is applied to OER/HER under alkaline conditions.'}, {'layer': 'owl:ObjectProperty', 'matched_category': 'emmo-electro:hasMetric', 'keyword': 'overpotential', 'meta_data': 'The results show only 464.6/219.4 mV overpotential (vs reversible hydrogen electrode (RHE)) at 100/10 mA cm−2 for OER/HER, respectively.'}, {'layer': 'owl:ObjectProperty', 'matched_category': 'emmo-electro:hasDopant', 'keyword': 'nickel foam', 'meta_data': 'NiFe-LDH) on nickel foam (NF) and nickel foam substrate improves the electrons and ions transportation in the reaction process,'}] for paper_id : 9f1eb177e685bd3596719d14bf5c2efaa7a0bd07
  - Layer: Device abstract : Electrocatalytic hydrogen production from water is limited by sluggish kinetics and requires a highly overpotential of anodic oxygen evolution reaction (OER) and cathodic hydrogen evolution reaction (HER). NiFe double hydroxides (NiFe-LDH) bifunctional group catalyst is applied to OER/HER under alkaline conditions. The good chemical contact between LDH nanosheets grown in situ (NiFe-LDH) on nickel foam (NF) and nickel foam substrate improves the electrons and ions transportation in the reaction process, which is beneficial to promote the OER/HER. The results show only 464.6/219.4 mV overpotential (vs reversible hydrogen electrode (RHE)) at 100/10 mA cm−2 for OER/HER, respectively. The stability of D0 (stands for NiFe-LDH/NF) was measured at 10 mA cm−2 worked continuously for 24 h, and it is found that D0 exhibits excellent stable catalytic performance. This work opens up a simple way to design and prepare the efficient, low-cost, and easily synthetic earth-rich electrocatalysts. categories : {'Proton Exchange Membrane Water Electrolyzer': ['PEM water electrolysis', 'acidic water electrolysis', 'proton exchange membrane electrolyzer', 'PEMWE', 'Proton Exchange Membrane Water Electrolyzer'], 'Proton Exchange Membrane Fuel Cell': ['PEM fuel cell', 'proton exchange membrane', 'fuel cell', 'Proton Exchange Membrane Fuel Cell', 'PEMFC'], 'Anion Exchange Membrane Water Electrolyzer': ['Anion Exchange Membrane Water Electrolyzer', 'AEM electrolyzer', 'AEMWE', 'alkaline water electrolysis'], 'Anion Exchange Membrane Fuel Cell': ['Anion Exchange Membrane Fuel Cell', 'AEM fuel cell', 'AEMFC'], 'Solid Oxide Electrolysis Cell': ['Solid Oxide Electrolysis Cell', 'solid oxide electrolyzer', 'SOEC'], 'Solid Oxide Fuel Cell': ['Solid Oxide Fuel Cell', 'SOFC']}
prompt : You are a structured information extraction AI specialized in materials science.

TASK: Extract information for the ontology layer: "Device".

ONTOLOGY LAYER (categories → sample keywords):
{
  "Proton Exchange Membrane Water Electrolyzer": [
    "PEM water electrolysis",
    "acidic water electrolysis",
    "proton exchange membrane electrolyzer",
    "PEMWE",
    "Proton Exchange Membrane Water Electrolyzer"
  ],
  "Proton Exchange Membrane Fuel Cell": [
    "PEM fuel cell",
    "proton exchange membrane",
    "fuel cell",
    "Proton Exchange Membrane Fuel Cell",
    "PEMFC"
  ],
  "Anion Exchange Membrane Water Electrolyzer": [
    "Anion Exchange Membrane Water Electrolyzer",
    "AEM electrolyzer",
    "AEMWE",
    "alkaline water electrolysis"
  ],
  "Anion Exchange Membrane Fuel Cell": [
    "Anion Exchange Membrane Fuel Cell",
    "AEM fuel cell",
    "AEMFC"
  ],
  "Solid Oxide Electrolysis Cell": [
    "Solid Oxide Electrolysis Cell",
    "solid oxide electrolyzer",
    "SOEC"
  ],
  "Solid Oxide Fuel Cell": [
    "Solid Oxide Fuel Cell",
    "SOFC"
  ]
}

TEXT TO ANALYZE:
Electrocatalytic hydrogen production from water is limited by sluggish kinetics and requires a highly overpotential of anodic oxygen evolution reaction (OER) and cathodic hydrogen evolution reaction (HER). NiFe double hydroxides (NiFe-LDH) bifunctional group catalyst is applied to OER/HER under alkaline conditions. The good chemical contact between LDH nanosheets grown in situ (NiFe-LDH) on nickel foam (NF) and nickel foam substrate improves the electrons and ions transportation in the reaction process, which is beneficial to promote the OER/HER. The results show only 464.6/219.4 mV overpotential (vs reversible hydrogen electrode (RHE)) at 100/10 mA cm−2 for OER/HER, respectively. The stability of D0 (stands for NiFe-LDH/NF) was measured at 10 mA cm−2 worked continuously for 24 h, and it is found that D0 exhibits excellent stable catalytic performance. This work opens up a simple way to design and prepare the efficient, low-cost, and easily synthetic earth-rich electrocatalysts.

IMPORTANT ONTOLOGY CONSTRAINTS:
- Only extract relationships (triples/edges) that are valid according to the ontology's allowed domain and range for each relation.
- Use the canonical ontology URIs/types for all nodes and relations, as defined in the ontology.
- If a relationship is not permitted by the ontology (e.g., the source or target type is not allowed for a given relation), SKIP IT and do not include it in the output.
- Do NOT hallucinate or invent relationships that are not explicitly allowed by the ontology.

OUTPUT FORMAT (IMPORTANT):
- OUTPUT MUST BE PURE JSON (a JSON array). DO NOT include code fences, markdown, or any text outside the JSON.
- EACH ITEM must follow this exact schema:
    {
        "layer": "Device",
        "matched_category": "<one of the categories exactly as shown above>",
        "keyword": "<extracted keyword or phrase>",
        "meta_data": "<short supporting snippet from the text>"
    }
- Keep 1–25 items. Use lowercase for keywords where natural.
- If nothing matches, return [] (empty JSON array).

EXAMPLES (DO NOT ECHO; JUST FOLLOW THE FORMAT):
Example:
[
    {
        "layer": "Device",
        "matched_category": "<CategoryName>",
        "keyword": "iridium oxide",
        "meta_data": "… overpotential of 240 mV at 10 mA cm^-2 in acidic media …"
    }
]

NOW RETURN ONLY THE JSON ARRAY as a string. Do not include any characters such as ``` or json or any sort of code formatting.
xxxx
model_output : [
    {
        "layer": "Device",
        "matched_category": "Proton Exchange Membrane Fuel Cell",
        "keyword": "PEM fuel cell",
        "meta_data": "… requires a highly overpotential of anodic oxygen evolution reaction (OER) and cathodic hydrogen evolution reaction (HER) for PEM fuel cell …"
    }
]
results : [{'layer': 'Device', 'matched_category': 'Proton Exchange Membrane Fuel Cell', 'keyword': 'PEM fuel cell', 'meta_data': '… requires a highly overpotential of anodic oxygen evolution reaction (OER) and cathodic hydrogen evolution reaction (HER) for PEM fuel cell …'}] for paper_id : 9f1eb177e685bd3596719d14bf5c2efaa7a0bd07
results : [{'layer': 'Device', 'matched_category': 'Proton Exchange Membrane Fuel Cell', 'keyword': 'PEM fuel cell', 'meta_data': '… requires a highly overpotential of anodic oxygen evolution reaction (OER) and cathodic hydrogen evolution reaction (HER) for PEM fuel cell …'}] for paper_id : 9f1eb177e685bd3596719d14bf5c2efaa7a0bd07
  - Layer: Environment abstract : Electrocatalytic hydrogen production from water is limited by sluggish kinetics and requires a highly overpotential of anodic oxygen evolution reaction (OER) and cathodic hydrogen evolution reaction (HER). NiFe double hydroxides (NiFe-LDH) bifunctional group catalyst is applied to OER/HER under alkaline conditions. The good chemical contact between LDH nanosheets grown in situ (NiFe-LDH) on nickel foam (NF) and nickel foam substrate improves the electrons and ions transportation in the reaction process, which is beneficial to promote the OER/HER. The results show only 464.6/219.4 mV overpotential (vs reversible hydrogen electrode (RHE)) at 100/10 mA cm−2 for OER/HER, respectively. The stability of D0 (stands for NiFe-LDH/NF) was measured at 10 mA cm−2 worked continuously for 24 h, and it is found that D0 exhibits excellent stable catalytic performance. This work opens up a simple way to design and prepare the efficient, low-cost, and easily synthetic earth-rich electrocatalysts. categories : {'Acidic Environment': ['acidic', 'pH<7', 'pH 1', 'Acidic Environment', 'pH<', 'pH=1', 'pH < 7'], 'Alkaline Environment': ['pH>', 'pH>7', 'alkaline', 'basic', 'Alkaline Environment', 'pH=14', 'pH > 7'], 'Neutral Environment': ['neutral pH', 'Neutral Environment', 'pH 7'], 'Operating Temperature': ['80°C', 'temperature', 'Operating Temperature', 'temperature-controlled', '25°C'], 'Operating Pressure': ['pressure', 'Operating Pressure', 'high-pressure', '1 atm', '10 atm']}
prompt : You are a structured information extraction AI specialized in materials science.

TASK: Extract information for the ontology layer: "Environment".

ONTOLOGY LAYER (categories → sample keywords):
{
  "Acidic Environment": [
    "acidic",
    "pH<7",
    "pH 1",
    "Acidic Environment",
    "pH<",
    "pH=1",
    "pH < 7"
  ],
  "Alkaline Environment": [
    "pH>",
    "pH>7",
    "alkaline",
    "basic",
    "Alkaline Environment",
    "pH=14",
    "pH > 7"
  ],
  "Neutral Environment": [
    "neutral pH",
    "Neutral Environment",
    "pH 7"
  ],
  "Operating Temperature": [
    "80°C",
    "temperature",
    "Operating Temperature",
    "temperature-controlled",
    "25°C"
  ],
  "Operating Pressure": [
    "pressure",
    "Operating Pressure",
    "high-pressure",
    "1 atm",
    "10 atm"
  ]
}

TEXT TO ANALYZE:
Electrocatalytic hydrogen production from water is limited by sluggish kinetics and requires a highly overpotential of anodic oxygen evolution reaction (OER) and cathodic hydrogen evolution reaction (HER). NiFe double hydroxides (NiFe-LDH) bifunctional group catalyst is applied to OER/HER under alkaline conditions. The good chemical contact between LDH nanosheets grown in situ (NiFe-LDH) on nickel foam (NF) and nickel foam substrate improves the electrons and ions transportation in the reaction process, which is beneficial to promote the OER/HER. The results show only 464.6/219.4 mV overpotential (vs reversible hydrogen electrode (RHE)) at 100/10 mA cm−2 for OER/HER, respectively. The stability of D0 (stands for NiFe-LDH/NF) was measured at 10 mA cm−2 worked continuously for 24 h, and it is found that D0 exhibits excellent stable catalytic performance. This work opens up a simple way to design and prepare the efficient, low-cost, and easily synthetic earth-rich electrocatalysts.

IMPORTANT ONTOLOGY CONSTRAINTS:
- Only extract relationships (triples/edges) that are valid according to the ontology's allowed domain and range for each relation.
- Use the canonical ontology URIs/types for all nodes and relations, as defined in the ontology.
- If a relationship is not permitted by the ontology (e.g., the source or target type is not allowed for a given relation), SKIP IT and do not include it in the output.
- Do NOT hallucinate or invent relationships that are not explicitly allowed by the ontology.

OUTPUT FORMAT (IMPORTANT):
- OUTPUT MUST BE PURE JSON (a JSON array). DO NOT include code fences, markdown, or any text outside the JSON.
- EACH ITEM must follow this exact schema:
    {
        "layer": "Environment",
        "matched_category": "<one of the categories exactly as shown above>",
        "keyword": "<extracted keyword or phrase>",
        "meta_data": "<short supporting snippet from the text>"
    }
- Keep 1–25 items. Use lowercase for keywords where natural.
- If nothing matches, return [] (empty JSON array).

EXAMPLES (DO NOT ECHO; JUST FOLLOW THE FORMAT):
Example:
[
    {
        "layer": "Environment",
        "matched_category": "<CategoryName>",
        "keyword": "iridium oxide",
        "meta_data": "… overpotential of 240 mV at 10 mA cm^-2 in acidic media …"
    }
]

NOW RETURN ONLY THE JSON ARRAY as a string. Do not include any characters such as ``` or json or any sort of code formatting.
xxxx
model_output : [
    {
        "layer": "Environment",
        "matched_category": "Alkaline Environment",
        "keyword": "alkaline conditions",
        "meta_data": "… NiFe double hydroxides (NiFe-LDH) bifunctional group catalyst is applied to OER/HER under alkaline conditions …"
    }
]
results : [{'layer': 'Environment', 'matched_category': 'Alkaline Environment', 'keyword': 'alkaline conditions', 'meta_data': '… NiFe double hydroxides (NiFe-LDH) bifunctional group catalyst is applied to OER/HER under alkaline conditions …'}] for paper_id : 9f1eb177e685bd3596719d14bf5c2efaa7a0bd07
results : [{'layer': 'Environment', 'matched_category': 'Alkaline Environment', 'keyword': 'alkaline conditions', 'meta_data': '… NiFe double hydroxides (NiFe-LDH) bifunctional group catalyst is applied to OER/HER under alkaline conditions …'}] for paper_id : 9f1eb177e685bd3596719d14bf5c2efaa7a0bd07
  - Layer: Process abstract : Electrocatalytic hydrogen production from water is limited by sluggish kinetics and requires a highly overpotential of anodic oxygen evolution reaction (OER) and cathodic hydrogen evolution reaction (HER). NiFe double hydroxides (NiFe-LDH) bifunctional group catalyst is applied to OER/HER under alkaline conditions. The good chemical contact between LDH nanosheets grown in situ (NiFe-LDH) on nickel foam (NF) and nickel foam substrate improves the electrons and ions transportation in the reaction process, which is beneficial to promote the OER/HER. The results show only 464.6/219.4 mV overpotential (vs reversible hydrogen electrode (RHE)) at 100/10 mA cm−2 for OER/HER, respectively. The stability of D0 (stands for NiFe-LDH/NF) was measured at 10 mA cm−2 worked continuously for 24 h, and it is found that D0 exhibits excellent stable catalytic performance. This work opens up a simple way to design and prepare the efficient, low-cost, and easily synthetic earth-rich electrocatalysts. categories : {'Electrochemical Energy Conversion': ['redox energy', 'electrochemical cell', 'electrochemical process', 'Electrochemical Energy Conversion'], 'Water Electrolysis': ['water splitting', 'electrolysis of water', 'splitting H2O', 'hydrogen from water', 'Water Electrolysis'], 'Electrocatalysis': ['electrode reaction enhancement', 'electrocatalytic', 'Electrocatalysis', 'electrochemical catalysts', 'electrocatalyst']}
prompt : You are a structured information extraction AI specialized in materials science.

TASK: Extract information for the ontology layer: "Process".

ONTOLOGY LAYER (categories → sample keywords):
{
  "Electrochemical Energy Conversion": [
    "redox energy",
    "electrochemical cell",
    "electrochemical process",
    "Electrochemical Energy Conversion"
  ],
  "Water Electrolysis": [
    "water splitting",
    "electrolysis of water",
    "splitting H2O",
    "hydrogen from water",
    "Water Electrolysis"
  ],
  "Electrocatalysis": [
    "electrode reaction enhancement",
    "electrocatalytic",
    "Electrocatalysis",
    "electrochemical catalysts",
    "electrocatalyst"
  ]
}

TEXT TO ANALYZE:
Electrocatalytic hydrogen production from water is limited by sluggish kinetics and requires a highly overpotential of anodic oxygen evolution reaction (OER) and cathodic hydrogen evolution reaction (HER). NiFe double hydroxides (NiFe-LDH) bifunctional group catalyst is applied to OER/HER under alkaline conditions. The good chemical contact between LDH nanosheets grown in situ (NiFe-LDH) on nickel foam (NF) and nickel foam substrate improves the electrons and ions transportation in the reaction process, which is beneficial to promote the OER/HER. The results show only 464.6/219.4 mV overpotential (vs reversible hydrogen electrode (RHE)) at 100/10 mA cm−2 for OER/HER, respectively. The stability of D0 (stands for NiFe-LDH/NF) was measured at 10 mA cm−2 worked continuously for 24 h, and it is found that D0 exhibits excellent stable catalytic performance. This work opens up a simple way to design and prepare the efficient, low-cost, and easily synthetic earth-rich electrocatalysts.

IMPORTANT ONTOLOGY CONSTRAINTS:
- Only extract relationships (triples/edges) that are valid according to the ontology's allowed domain and range for each relation.
- Use the canonical ontology URIs/types for all nodes and relations, as defined in the ontology.
- If a relationship is not permitted by the ontology (e.g., the source or target type is not allowed for a given relation), SKIP IT and do not include it in the output.
- Do NOT hallucinate or invent relationships that are not explicitly allowed by the ontology.

OUTPUT FORMAT (IMPORTANT):
- OUTPUT MUST BE PURE JSON (a JSON array). DO NOT include code fences, markdown, or any text outside the JSON.
- EACH ITEM must follow this exact schema:
    {
        "layer": "Process",
        "matched_category": "<one of the categories exactly as shown above>",
        "keyword": "<extracted keyword or phrase>",
        "meta_data": "<short supporting snippet from the text>"
    }
- Keep 1–25 items. Use lowercase for keywords where natural.
- If nothing matches, return [] (empty JSON array).

EXAMPLES (DO NOT ECHO; JUST FOLLOW THE FORMAT):
Example:
[
    {
        "layer": "Process",
        "matched_category": "<CategoryName>",
        "keyword": "iridium oxide",
        "meta_data": "… overpotential of 240 mV at 10 mA cm^-2 in acidic media …"
    }
]

NOW RETURN ONLY THE JSON ARRAY as a string. Do not include any characters such as ``` or json or any sort of code formatting.
xxxx
model_output : [
    {
        "layer": "Process",
        "matched_category": "Electrocatalysis",
        "keyword": "electrocatalytic",
        "meta_data": "… NiFe double hydroxides (NiFe-LDH) bifunctional group catalyst is applied to OER/HER under alkaline conditions …"
    },
    {
        "layer": "Process",
        "matched_category": "Electrochemical Energy Conversion",
        "keyword": "hydrogen evolution reaction",
        "meta_data": "… sluggish kinetics and requires a highly overpotential of anodic oxygen evolution reaction (OER) and cathodic hydrogen evolution reaction (HER) …"
    },
    {
        "layer": "Process",
        "matched_category": "Electrochemical Energy Conversion",
        "keyword": "electrochemical cell",
        "meta_data": "… electrocatalytic hydrogen production from water is limited by sluggish kinetics and requires a highly overpotential of anodic oxygen evolution reaction (OER) and cathodic hydrogen evolution reaction (HER) …"
    },
    {
        "layer": "Process",
        "matched_category": "Water Electrolysis",
        "keyword": "water splitting",
        "meta_data": "… electrocatalytic hydrogen production from water is limited by sluggish kinetics and requires a highly overpotential of anodic oxygen evolution reaction (OER) and cathodic hydrogen evolution reaction (HER) …"
    }
]
results : [{'layer': 'Process', 'matched_category': 'Electrocatalysis', 'keyword': 'electrocatalytic', 'meta_data': '… NiFe double hydroxides (NiFe-LDH) bifunctional group catalyst is applied to OER/HER under alkaline conditions …'}, {'layer': 'Process', 'matched_category': 'Electrochemical Energy Conversion', 'keyword': 'hydrogen evolution reaction', 'meta_data': '… sluggish kinetics and requires a highly overpotential of anodic oxygen evolution reaction (OER) and cathodic hydrogen evolution reaction (HER) …'}, {'layer': 'Process', 'matched_category': 'Electrochemical Energy Conversion', 'keyword': 'electrochemical cell', 'meta_data': '… electrocatalytic hydrogen production from water is limited by sluggish kinetics and requires a highly overpotential of anodic oxygen evolution reaction (OER) and cathodic hydrogen evolution reaction (HER) …'}, {'layer': 'Process', 'matched_category': 'Water Electrolysis', 'keyword': 'water splitting', 'meta_data': '… electrocatalytic hydrogen production from water is limited by sluggish kinetics and requires a highly overpotential of anodic oxygen evolution reaction (OER) and cathodic hydrogen evolution reaction (HER) …'}] for paper_id : 9f1eb177e685bd3596719d14bf5c2efaa7a0bd07
results : [{'layer': 'Process', 'matched_category': 'Electrocatalysis', 'keyword': 'electrocatalytic', 'meta_data': '… NiFe double hydroxides (NiFe-LDH) bifunctional group catalyst is applied to OER/HER under alkaline conditions …'}, {'layer': 'Process', 'matched_category': 'Electrochemical Energy Conversion', 'keyword': 'hydrogen evolution reaction', 'meta_data': '… sluggish kinetics and requires a highly overpotential of anodic oxygen evolution reaction (OER) and cathodic hydrogen evolution reaction (HER) …'}, {'layer': 'Process', 'matched_category': 'Electrochemical Energy Conversion', 'keyword': 'electrochemical cell', 'meta_data': '… electrocatalytic hydrogen production from water is limited by sluggish kinetics and requires a highly overpotential of anodic oxygen evolution reaction (OER) and cathodic hydrogen evolution reaction (HER) …'}, {'layer': 'Process', 'matched_category': 'Water Electrolysis', 'keyword': 'water splitting', 'meta_data': '… electrocatalytic hydrogen production from water is limited by sluggish kinetics and requires a highly overpotential of anodic oxygen evolution reaction (OER) and cathodic hydrogen evolution reaction (HER) …'}] for paper_id : 9f1eb177e685bd3596719d14bf5c2efaa7a0bd07
  - Layer: Reaction abstract : Electrocatalytic hydrogen production from water is limited by sluggish kinetics and requires a highly overpotential of anodic oxygen evolution reaction (OER) and cathodic hydrogen evolution reaction (HER). NiFe double hydroxides (NiFe-LDH) bifunctional group catalyst is applied to OER/HER under alkaline conditions. The good chemical contact between LDH nanosheets grown in situ (NiFe-LDH) on nickel foam (NF) and nickel foam substrate improves the electrons and ions transportation in the reaction process, which is beneficial to promote the OER/HER. The results show only 464.6/219.4 mV overpotential (vs reversible hydrogen electrode (RHE)) at 100/10 mA cm−2 for OER/HER, respectively. The stability of D0 (stands for NiFe-LDH/NF) was measured at 10 mA cm−2 worked continuously for 24 h, and it is found that D0 exhibits excellent stable catalytic performance. This work opens up a simple way to design and prepare the efficient, low-cost, and easily synthetic earth-rich electrocatalysts. categories : {'Hydrogen Evolution Reaction': ['HER', 'H2 generation', 'hydrogen evolution', 'reduction of protons', 'Hydrogen Evolution Reaction'], 'Oxygen Evolution Reaction': ['oxygen evolution', 'water oxidation', 'oxygen generation', 'OER', 'Oxygen Evolution Reaction'], 'Proton-Coupled Electron Transfer': ['concerted proton electron transfer', 'PCET', 'proton-electron', 'Proton-Coupled Electron Transfer']}
prompt : You are a structured information extraction AI specialized in materials science.

TASK: Extract information for the ontology layer: "Reaction".

ONTOLOGY LAYER (categories → sample keywords):
{
  "Hydrogen Evolution Reaction": [
    "HER",
    "H2 generation",
    "hydrogen evolution",
    "reduction of protons",
    "Hydrogen Evolution Reaction"
  ],
  "Oxygen Evolution Reaction": [
    "oxygen evolution",
    "water oxidation",
    "oxygen generation",
    "OER",
    "Oxygen Evolution Reaction"
  ],
  "Proton-Coupled Electron Transfer": [
    "concerted proton electron transfer",
    "PCET",
    "proton-electron",
    "Proton-Coupled Electron Transfer"
  ]
}

TEXT TO ANALYZE:
Electrocatalytic hydrogen production from water is limited by sluggish kinetics and requires a highly overpotential of anodic oxygen evolution reaction (OER) and cathodic hydrogen evolution reaction (HER). NiFe double hydroxides (NiFe-LDH) bifunctional group catalyst is applied to OER/HER under alkaline conditions. The good chemical contact between LDH nanosheets grown in situ (NiFe-LDH) on nickel foam (NF) and nickel foam substrate improves the electrons and ions transportation in the reaction process, which is beneficial to promote the OER/HER. The results show only 464.6/219.4 mV overpotential (vs reversible hydrogen electrode (RHE)) at 100/10 mA cm−2 for OER/HER, respectively. The stability of D0 (stands for NiFe-LDH/NF) was measured at 10 mA cm−2 worked continuously for 24 h, and it is found that D0 exhibits excellent stable catalytic performance. This work opens up a simple way to design and prepare the efficient, low-cost, and easily synthetic earth-rich electrocatalysts.

IMPORTANT ONTOLOGY CONSTRAINTS:
- Only extract relationships (triples/edges) that are valid according to the ontology's allowed domain and range for each relation.
- Use the canonical ontology URIs/types for all nodes and relations, as defined in the ontology.
- If a relationship is not permitted by the ontology (e.g., the source or target type is not allowed for a given relation), SKIP IT and do not include it in the output.
- Do NOT hallucinate or invent relationships that are not explicitly allowed by the ontology.

OUTPUT FORMAT (IMPORTANT):
- OUTPUT MUST BE PURE JSON (a JSON array). DO NOT include code fences, markdown, or any text outside the JSON.
- EACH ITEM must follow this exact schema:
    {
        "layer": "Reaction",
        "matched_category": "<one of the categories exactly as shown above>",
        "keyword": "<extracted keyword or phrase>",
        "meta_data": "<short supporting snippet from the text>"
    }
- Keep 1–25 items. Use lowercase for keywords where natural.
- If nothing matches, return [] (empty JSON array).

EXAMPLES (DO NOT ECHO; JUST FOLLOW THE FORMAT):
Example:
[
    {
        "layer": "Reaction",
        "matched_category": "<CategoryName>",
        "keyword": "iridium oxide",
        "meta_data": "… overpotential of 240 mV at 10 mA cm^-2 in acidic media …"
    }
]

NOW RETURN ONLY THE JSON ARRAY as a string. Do not include any characters such as ``` or json or any sort of code formatting.
xxxx
model_output : [
    {
        "layer": "Reaction",
        "matched_category": "Hydrogen Evolution Reaction",
        "keyword": "hydrogen evolution",
        "meta_data": "… sluggish kinetics and requires a highly overpotential of anodic oxygen evolution reaction (OER) and cathodic hydrogen evolution reaction (HER) …"
    },
    {
        "layer": "Reaction",
        "matched_category": "Oxygen Evolution Reaction",
        "keyword": "oxygen evolution",
        "meta_data": "… OER/HER under alkaline conditions. The results show only 464.6/219.4 mV overpotential (vs reversible hydrogen electrode (RHE)) at 100/10 mA cm−2 for OER/HER, respectively …"
    },
    {
        "layer": "Reaction",
        "matched_category": "Hydrogen Evolution Reaction",
        "keyword": "hydrogen generation",
        "meta_data": "… electrocatalytic hydrogen production from water is limited by sluggish kinetics and requires a highly overpotential of anodic oxygen evolution reaction (OER) and cathodic hydrogen evolution reaction (HER) …"
    }
]
results : [{'layer': 'Reaction', 'matched_category': 'Hydrogen Evolution Reaction', 'keyword': 'hydrogen evolution', 'meta_data': '… sluggish kinetics and requires a highly overpotential of anodic oxygen evolution reaction (OER) and cathodic hydrogen evolution reaction (HER) …'}, {'layer': 'Reaction', 'matched_category': 'Oxygen Evolution Reaction', 'keyword': 'oxygen evolution', 'meta_data': '… OER/HER under alkaline conditions. The results show only 464.6/219.4 mV overpotential (vs reversible hydrogen electrode (RHE)) at 100/10 mA cm−2 for OER/HER, respectively …'}, {'layer': 'Reaction', 'matched_category': 'Hydrogen Evolution Reaction', 'keyword': 'hydrogen generation', 'meta_data': '… electrocatalytic hydrogen production from water is limited by sluggish kinetics and requires a highly overpotential of anodic oxygen evolution reaction (OER) and cathodic hydrogen evolution reaction (HER) …'}] for paper_id : 9f1eb177e685bd3596719d14bf5c2efaa7a0bd07
results : [{'layer': 'Reaction', 'matched_category': 'Hydrogen Evolution Reaction', 'keyword': 'hydrogen evolution', 'meta_data': '… sluggish kinetics and requires a highly overpotential of anodic oxygen evolution reaction (OER) and cathodic hydrogen evolution reaction (HER) …'}, {'layer': 'Reaction', 'matched_category': 'Oxygen Evolution Reaction', 'keyword': 'oxygen evolution', 'meta_data': '… OER/HER under alkaline conditions. The results show only 464.6/219.4 mV overpotential (vs reversible hydrogen electrode (RHE)) at 100/10 mA cm−2 for OER/HER, respectively …'}, {'layer': 'Reaction', 'matched_category': 'Hydrogen Evolution Reaction', 'keyword': 'hydrogen generation', 'meta_data': '… electrocatalytic hydrogen production from water is limited by sluggish kinetics and requires a highly overpotential of anodic oxygen evolution reaction (OER) and cathodic hydrogen evolution reaction (HER) …'}] for paper_id : 9f1eb177e685bd3596719d14bf5c2efaa7a0bd07
  - Layer: Element abstract : Electrocatalytic hydrogen production from water is limited by sluggish kinetics and requires a highly overpotential of anodic oxygen evolution reaction (OER) and cathodic hydrogen evolution reaction (HER). NiFe double hydroxides (NiFe-LDH) bifunctional group catalyst is applied to OER/HER under alkaline conditions. The good chemical contact between LDH nanosheets grown in situ (NiFe-LDH) on nickel foam (NF) and nickel foam substrate improves the electrons and ions transportation in the reaction process, which is beneficial to promote the OER/HER. The results show only 464.6/219.4 mV overpotential (vs reversible hydrogen electrode (RHE)) at 100/10 mA cm−2 for OER/HER, respectively. The stability of D0 (stands for NiFe-LDH/NF) was measured at 10 mA cm−2 worked continuously for 24 h, and it is found that D0 exhibits excellent stable catalytic performance. This work opens up a simple way to design and prepare the efficient, low-cost, and easily synthetic earth-rich electrocatalysts. categories : {'Iron': ['Fe2+', 'Fe3+', 'Iron', 'Fe', 'iron-based catalyst'], 'Nickel': ['Ni', 'nickel foam', 'Nickel', 'nickel oxide'], 'Cobalt': ['cobalt-doped', 'Co3O4', 'Cobalt', 'Co'], 'Transition Metals': ['first-row metals', 'transition metal', 'Transition Metals', 'd-block metal'], 'Earth-Abundant Elements': ['earth abundant', 'earth-abundant', 'Earth-Abundant Elements', 'low-cost metals', 'non-precious']}
prompt : You are a structured information extraction AI specialized in materials science.

TASK: Extract information for the ontology layer: "Element".

ONTOLOGY LAYER (categories → sample keywords):
{
  "Iron": [
    "Fe2+",
    "Fe3+",
    "Iron",
    "Fe",
    "iron-based catalyst"
  ],
  "Nickel": [
    "Ni",
    "nickel foam",
    "Nickel",
    "nickel oxide"
  ],
  "Cobalt": [
    "cobalt-doped",
    "Co3O4",
    "Cobalt",
    "Co"
  ],
  "Transition Metals": [
    "first-row metals",
    "transition metal",
    "Transition Metals",
    "d-block metal"
  ],
  "Earth-Abundant Elements": [
    "earth abundant",
    "earth-abundant",
    "Earth-Abundant Elements",
    "low-cost metals",
    "non-precious"
  ]
}

TEXT TO ANALYZE:
Electrocatalytic hydrogen production from water is limited by sluggish kinetics and requires a highly overpotential of anodic oxygen evolution reaction (OER) and cathodic hydrogen evolution reaction (HER). NiFe double hydroxides (NiFe-LDH) bifunctional group catalyst is applied to OER/HER under alkaline conditions. The good chemical contact between LDH nanosheets grown in situ (NiFe-LDH) on nickel foam (NF) and nickel foam substrate improves the electrons and ions transportation in the reaction process, which is beneficial to promote the OER/HER. The results show only 464.6/219.4 mV overpotential (vs reversible hydrogen electrode (RHE)) at 100/10 mA cm−2 for OER/HER, respectively. The stability of D0 (stands for NiFe-LDH/NF) was measured at 10 mA cm−2 worked continuously for 24 h, and it is found that D0 exhibits excellent stable catalytic performance. This work opens up a simple way to design and prepare the efficient, low-cost, and easily synthetic earth-rich electrocatalysts.

IMPORTANT ONTOLOGY CONSTRAINTS:
- Only extract relationships (triples/edges) that are valid according to the ontology's allowed domain and range for each relation.
- Use the canonical ontology URIs/types for all nodes and relations, as defined in the ontology.
- If a relationship is not permitted by the ontology (e.g., the source or target type is not allowed for a given relation), SKIP IT and do not include it in the output.
- Do NOT hallucinate or invent relationships that are not explicitly allowed by the ontology.

OUTPUT FORMAT (IMPORTANT):
- OUTPUT MUST BE PURE JSON (a JSON array). DO NOT include code fences, markdown, or any text outside the JSON.
- EACH ITEM must follow this exact schema:
    {
        "layer": "Element",
        "matched_category": "<one of the categories exactly as shown above>",
        "keyword": "<extracted keyword or phrase>",
        "meta_data": "<short supporting snippet from the text>"
    }
- Keep 1–25 items. Use lowercase for keywords where natural.
- If nothing matches, return [] (empty JSON array).

EXAMPLES (DO NOT ECHO; JUST FOLLOW THE FORMAT):
Example:
[
    {
        "layer": "Element",
        "matched_category": "<CategoryName>",
        "keyword": "iridium oxide",
        "meta_data": "… overpotential of 240 mV at 10 mA cm^-2 in acidic media …"
    }
]

NOW RETURN ONLY THE JSON ARRAY as a string. Do not include any characters such as ``` or json or any sort of code formatting.
xxxx
model_output : [
{
"layer": "Element",
"matched_category": "Nickel",
"keyword": "nickel",
"meta_data": "NiFe double hydroxides (NiFe-LDH) bifunctional group catalyst is applied to OER/HER under alkaline conditions."
},
{
"layer": "Element",
"matched_category": "Iron",
"keyword": "iron-based",
"meta_data": "NiFe double hydroxides (NiFe-LDH) bifunctional group catalyst is applied to OER/HER under alkaline conditions."
}
]
results : [{'layer': 'Element', 'matched_category': 'Nickel', 'keyword': 'nickel', 'meta_data': 'NiFe double hydroxides (NiFe-LDH) bifunctional group catalyst is applied to OER/HER under alkaline conditions.'}, {'layer': 'Element', 'matched_category': 'Iron', 'keyword': 'iron-based', 'meta_data': 'NiFe double hydroxides (NiFe-LDH) bifunctional group catalyst is applied to OER/HER under alkaline conditions.'}] for paper_id : 9f1eb177e685bd3596719d14bf5c2efaa7a0bd07
results : [{'layer': 'Element', 'matched_category': 'Nickel', 'keyword': 'nickel', 'meta_data': 'NiFe double hydroxides (NiFe-LDH) bifunctional group catalyst is applied to OER/HER under alkaline conditions.'}, {'layer': 'Element', 'matched_category': 'Iron', 'keyword': 'iron-based', 'meta_data': 'NiFe double hydroxides (NiFe-LDH) bifunctional group catalyst is applied to OER/HER under alkaline conditions.'}] for paper_id : 9f1eb177e685bd3596719d14bf5c2efaa7a0bd07
  - Layer: Material abstract : Electrocatalytic hydrogen production from water is limited by sluggish kinetics and requires a highly overpotential of anodic oxygen evolution reaction (OER) and cathodic hydrogen evolution reaction (HER). NiFe double hydroxides (NiFe-LDH) bifunctional group catalyst is applied to OER/HER under alkaline conditions. The good chemical contact between LDH nanosheets grown in situ (NiFe-LDH) on nickel foam (NF) and nickel foam substrate improves the electrons and ions transportation in the reaction process, which is beneficial to promote the OER/HER. The results show only 464.6/219.4 mV overpotential (vs reversible hydrogen electrode (RHE)) at 100/10 mA cm−2 for OER/HER, respectively. The stability of D0 (stands for NiFe-LDH/NF) was measured at 10 mA cm−2 worked continuously for 24 h, and it is found that D0 exhibits excellent stable catalytic performance. This work opens up a simple way to design and prepare the efficient, low-cost, and easily synthetic earth-rich electrocatalysts. categories : {'Metal Oxides': ['NiO', 'Metal Oxides', 'oxide layer', 'metal oxide', 'Fe2O3'], '2D Materials': ['nanosheets', 'graphene', 'MoS2', '2D Materials']}
prompt : You are a structured information extraction AI specialized in materials science.

TASK: Extract information for the ontology layer: "Material".

ONTOLOGY LAYER (categories → sample keywords):
{
  "Metal Oxides": [
    "NiO",
    "Metal Oxides",
    "oxide layer",
    "metal oxide",
    "Fe2O3"
  ],
  "2D Materials": [
    "nanosheets",
    "graphene",
    "MoS2",
    "2D Materials"
  ]
}

TEXT TO ANALYZE:
Electrocatalytic hydrogen production from water is limited by sluggish kinetics and requires a highly overpotential of anodic oxygen evolution reaction (OER) and cathodic hydrogen evolution reaction (HER). NiFe double hydroxides (NiFe-LDH) bifunctional group catalyst is applied to OER/HER under alkaline conditions. The good chemical contact between LDH nanosheets grown in situ (NiFe-LDH) on nickel foam (NF) and nickel foam substrate improves the electrons and ions transportation in the reaction process, which is beneficial to promote the OER/HER. The results show only 464.6/219.4 mV overpotential (vs reversible hydrogen electrode (RHE)) at 100/10 mA cm−2 for OER/HER, respectively. The stability of D0 (stands for NiFe-LDH/NF) was measured at 10 mA cm−2 worked continuously for 24 h, and it is found that D0 exhibits excellent stable catalytic performance. This work opens up a simple way to design and prepare the efficient, low-cost, and easily synthetic earth-rich electrocatalysts.

IMPORTANT ONTOLOGY CONSTRAINTS:
- Only extract relationships (triples/edges) that are valid according to the ontology's allowed domain and range for each relation.
- Use the canonical ontology URIs/types for all nodes and relations, as defined in the ontology.
- If a relationship is not permitted by the ontology (e.g., the source or target type is not allowed for a given relation), SKIP IT and do not include it in the output.
- Do NOT hallucinate or invent relationships that are not explicitly allowed by the ontology.

OUTPUT FORMAT (IMPORTANT):
- OUTPUT MUST BE PURE JSON (a JSON array). DO NOT include code fences, markdown, or any text outside the JSON.
- EACH ITEM must follow this exact schema:
    {
        "layer": "Material",
        "matched_category": "<one of the categories exactly as shown above>",
        "keyword": "<extracted keyword or phrase>",
        "meta_data": "<short supporting snippet from the text>"
    }
- Keep 1–25 items. Use lowercase for keywords where natural.
- If nothing matches, return [] (empty JSON array).

EXAMPLES (DO NOT ECHO; JUST FOLLOW THE FORMAT):
Example:
[
    {
        "layer": "Material",
        "matched_category": "<CategoryName>",
        "keyword": "iridium oxide",
        "meta_data": "… overpotential of 240 mV at 10 mA cm^-2 in acidic media …"
    }
]

NOW RETURN ONLY THE JSON ARRAY as a string. Do not include any characters such as ``` or json or any sort of code formatting.
xxxx
model_output : [
    {
        "layer": "Material",
        "matched_category": "Metal Oxides",
        "keyword": "NiO",
        "meta_data": "… NiFe double hydroxides (NiFe-LDH) bifunctional group catalyst is applied to OER/HER under alkaline conditions …"
    },
    {
        "layer": "Material",
        "matched_category": "Metal Oxides",
        "keyword": "Fe2O3",
        "meta_data": ""
    }
]
results : [{'layer': 'Material', 'matched_category': 'Metal Oxides', 'keyword': 'NiO', 'meta_data': '… NiFe double hydroxides (NiFe-LDH) bifunctional group catalyst is applied to OER/HER under alkaline conditions …'}, {'layer': 'Material', 'matched_category': 'Metal Oxides', 'keyword': 'Fe2O3', 'meta_data': ''}] for paper_id : 9f1eb177e685bd3596719d14bf5c2efaa7a0bd07
results : [{'layer': 'Material', 'matched_category': 'Metal Oxides', 'keyword': 'NiO', 'meta_data': '… NiFe double hydroxides (NiFe-LDH) bifunctional group catalyst is applied to OER/HER under alkaline conditions …'}, {'layer': 'Material', 'matched_category': 'Metal Oxides', 'keyword': 'Fe2O3', 'meta_data': ''}] for paper_id : 9f1eb177e685bd3596719d14bf5c2efaa7a0bd07
  - Layer: PerformanceMetric abstract : Electrocatalytic hydrogen production from water is limited by sluggish kinetics and requires a highly overpotential of anodic oxygen evolution reaction (OER) and cathodic hydrogen evolution reaction (HER). NiFe double hydroxides (NiFe-LDH) bifunctional group catalyst is applied to OER/HER under alkaline conditions. The good chemical contact between LDH nanosheets grown in situ (NiFe-LDH) on nickel foam (NF) and nickel foam substrate improves the electrons and ions transportation in the reaction process, which is beneficial to promote the OER/HER. The results show only 464.6/219.4 mV overpotential (vs reversible hydrogen electrode (RHE)) at 100/10 mA cm−2 for OER/HER, respectively. The stability of D0 (stands for NiFe-LDH/NF) was measured at 10 mA cm−2 worked continuously for 24 h, and it is found that D0 exhibits excellent stable catalytic performance. This work opens up a simple way to design and prepare the efficient, low-cost, and easily synthetic earth-rich electrocatalysts. categories : {'Overpotential': ['potential above thermodynamic', 'Overpotential', 'overpotential of', 'η = '], 'Tafel Slope': ['mV dec⁻¹', 'Tafel plot', 'Tafel slope', 'Tafel Slope'], 'Exchange Current Density': ['Exchange Current Density', 'j0', 'baseline current', 'exchange current density']}
prompt : You are a structured information extraction AI specialized in materials science.

TASK: Extract information for the ontology layer: "PerformanceMetric".

ONTOLOGY LAYER (categories → sample keywords):
{
  "Overpotential": [
    "potential above thermodynamic",
    "Overpotential",
    "overpotential of",
    "η = "
  ],
  "Tafel Slope": [
    "mV dec⁻¹",
    "Tafel plot",
    "Tafel slope",
    "Tafel Slope"
  ],
  "Exchange Current Density": [
    "Exchange Current Density",
    "j0",
    "baseline current",
    "exchange current density"
  ]
}

TEXT TO ANALYZE:
Electrocatalytic hydrogen production from water is limited by sluggish kinetics and requires a highly overpotential of anodic oxygen evolution reaction (OER) and cathodic hydrogen evolution reaction (HER). NiFe double hydroxides (NiFe-LDH) bifunctional group catalyst is applied to OER/HER under alkaline conditions. The good chemical contact between LDH nanosheets grown in situ (NiFe-LDH) on nickel foam (NF) and nickel foam substrate improves the electrons and ions transportation in the reaction process, which is beneficial to promote the OER/HER. The results show only 464.6/219.4 mV overpotential (vs reversible hydrogen electrode (RHE)) at 100/10 mA cm−2 for OER/HER, respectively. The stability of D0 (stands for NiFe-LDH/NF) was measured at 10 mA cm−2 worked continuously for 24 h, and it is found that D0 exhibits excellent stable catalytic performance. This work opens up a simple way to design and prepare the efficient, low-cost, and easily synthetic earth-rich electrocatalysts.

IMPORTANT ONTOLOGY CONSTRAINTS:
- Only extract relationships (triples/edges) that are valid according to the ontology's allowed domain and range for each relation.
- Use the canonical ontology URIs/types for all nodes and relations, as defined in the ontology.
- If a relationship is not permitted by the ontology (e.g., the source or target type is not allowed for a given relation), SKIP IT and do not include it in the output.
- Do NOT hallucinate or invent relationships that are not explicitly allowed by the ontology.

OUTPUT FORMAT (IMPORTANT):
- OUTPUT MUST BE PURE JSON (a JSON array). DO NOT include code fences, markdown, or any text outside the JSON.
- EACH ITEM must follow this exact schema:
    {
        "layer": "PerformanceMetric",
        "matched_category": "<one of the categories exactly as shown above>",
        "keyword": "<extracted keyword or phrase>",
        "meta_data": "<short supporting snippet from the text>"
    }
- Keep 1–25 items. Use lowercase for keywords where natural.
- If nothing matches, return [] (empty JSON array).

EXAMPLES (DO NOT ECHO; JUST FOLLOW THE FORMAT):
Example:
[
    {
        "layer": "PerformanceMetric",
        "matched_category": "<CategoryName>",
        "keyword": "iridium oxide",
        "meta_data": "… overpotential of 240 mV at 10 mA cm^-2 in acidic media …"
    }
]

NOW RETURN ONLY THE JSON ARRAY as a string. Do not include any characters such as ``` or json or any sort of code formatting.
xxxx
model_output : [
{
"layer": "PerformanceMetric",
"matched_category": "Overpotential",
"keyword": "464.6 mV",
"meta_data": "only 464.6/219.4 mV overpotential (vs reversible hydrogen electrode (RHE)) at 100/10 mA cm−2 for OER/HER, respectively"
},
{
"layer": "PerformanceMetric",
"matched_category": "Overpotential",
"keyword": "219.4 mV",
"meta_data": "only 464.6/219.4 mV overpotential (vs reversible hydrogen electrode (RHE)) at 100/10 mA cm−2 for OER/HER, respectively"
}
]
results : [{'layer': 'PerformanceMetric', 'matched_category': 'Overpotential', 'keyword': '464.6 mV', 'meta_data': 'only 464.6/219.4 mV overpotential (vs reversible hydrogen electrode (RHE)) at 100/10 mA cm−2 for OER/HER, respectively'}, {'layer': 'PerformanceMetric', 'matched_category': 'Overpotential', 'keyword': '219.4 mV', 'meta_data': 'only 464.6/219.4 mV overpotential (vs reversible hydrogen electrode (RHE)) at 100/10 mA cm−2 for OER/HER, respectively'}] for paper_id : 9f1eb177e685bd3596719d14bf5c2efaa7a0bd07
results : [{'layer': 'PerformanceMetric', 'matched_category': 'Overpotential', 'keyword': '464.6 mV', 'meta_data': 'only 464.6/219.4 mV overpotential (vs reversible hydrogen electrode (RHE)) at 100/10 mA cm−2 for OER/HER, respectively'}, {'layer': 'PerformanceMetric', 'matched_category': 'Overpotential', 'keyword': '219.4 mV', 'meta_data': 'only 464.6/219.4 mV overpotential (vs reversible hydrogen electrode (RHE)) at 100/10 mA cm−2 for OER/HER, respectively'}] for paper_id : 9f1eb177e685bd3596719d14bf5c2efaa7a0bd07
  - Layer: Application abstract : Electrocatalytic hydrogen production from water is limited by sluggish kinetics and requires a highly overpotential of anodic oxygen evolution reaction (OER) and cathodic hydrogen evolution reaction (HER). NiFe double hydroxides (NiFe-LDH) bifunctional group catalyst is applied to OER/HER under alkaline conditions. The good chemical contact between LDH nanosheets grown in situ (NiFe-LDH) on nickel foam (NF) and nickel foam substrate improves the electrons and ions transportation in the reaction process, which is beneficial to promote the OER/HER. The results show only 464.6/219.4 mV overpotential (vs reversible hydrogen electrode (RHE)) at 100/10 mA cm−2 for OER/HER, respectively. The stability of D0 (stands for NiFe-LDH/NF) was measured at 10 mA cm−2 worked continuously for 24 h, and it is found that D0 exhibits excellent stable catalytic performance. This work opens up a simple way to design and prepare the efficient, low-cost, and easily synthetic earth-rich electrocatalysts. categories : {'Green Hydrogen Economy': ['green hydrogen', 'renewable hydrogen', 'Green Hydrogen Economy', 'H2 economy']}
prompt : You are a structured information extraction AI specialized in materials science.

TASK: Extract information for the ontology layer: "Application".

ONTOLOGY LAYER (categories → sample keywords):
{
  "Green Hydrogen Economy": [
    "green hydrogen",
    "renewable hydrogen",
    "Green Hydrogen Economy",
    "H2 economy"
  ]
}

TEXT TO ANALYZE:
Electrocatalytic hydrogen production from water is limited by sluggish kinetics and requires a highly overpotential of anodic oxygen evolution reaction (OER) and cathodic hydrogen evolution reaction (HER). NiFe double hydroxides (NiFe-LDH) bifunctional group catalyst is applied to OER/HER under alkaline conditions. The good chemical contact between LDH nanosheets grown in situ (NiFe-LDH) on nickel foam (NF) and nickel foam substrate improves the electrons and ions transportation in the reaction process, which is beneficial to promote the OER/HER. The results show only 464.6/219.4 mV overpotential (vs reversible hydrogen electrode (RHE)) at 100/10 mA cm−2 for OER/HER, respectively. The stability of D0 (stands for NiFe-LDH/NF) was measured at 10 mA cm−2 worked continuously for 24 h, and it is found that D0 exhibits excellent stable catalytic performance. This work opens up a simple way to design and prepare the efficient, low-cost, and easily synthetic earth-rich electrocatalysts.

IMPORTANT ONTOLOGY CONSTRAINTS:
- Only extract relationships (triples/edges) that are valid according to the ontology's allowed domain and range for each relation.
- Use the canonical ontology URIs/types for all nodes and relations, as defined in the ontology.
- If a relationship is not permitted by the ontology (e.g., the source or target type is not allowed for a given relation), SKIP IT and do not include it in the output.
- Do NOT hallucinate or invent relationships that are not explicitly allowed by the ontology.

OUTPUT FORMAT (IMPORTANT):
- OUTPUT MUST BE PURE JSON (a JSON array). DO NOT include code fences, markdown, or any text outside the JSON.
- EACH ITEM must follow this exact schema:
    {
        "layer": "Application",
        "matched_category": "<one of the categories exactly as shown above>",
        "keyword": "<extracted keyword or phrase>",
        "meta_data": "<short supporting snippet from the text>"
    }
- Keep 1–25 items. Use lowercase for keywords where natural.
- If nothing matches, return [] (empty JSON array).

EXAMPLES (DO NOT ECHO; JUST FOLLOW THE FORMAT):
Example:
[
    {
        "layer": "Application",
        "matched_category": "<CategoryName>",
        "keyword": "iridium oxide",
        "meta_data": "… overpotential of 240 mV at 10 mA cm^-2 in acidic media …"
    }
]

NOW RETURN ONLY THE JSON ARRAY as a string. Do not include any characters such as ``` or json or any sort of code formatting.
xxxx
model_output : [
    {
        "layer": "Application",
        "matched_category": "Green Hydrogen Economy",
        "keyword": "green hydrogen",
        "meta_data": "Electrocatalytic hydrogen production from water is limited by sluggish kinetics and requires a highly overpotential of anodic oxygen evolution reaction (OER) and cathodic hydrogen evolution reaction (HER)."
    }
]
results : [{'layer': 'Application', 'matched_category': 'Green Hydrogen Economy', 'keyword': 'green hydrogen', 'meta_data': 'Electrocatalytic hydrogen production from water is limited by sluggish kinetics and requires a highly overpotential of anodic oxygen evolution reaction (OER) and cathodic hydrogen evolution reaction (HER).'}] for paper_id : 9f1eb177e685bd3596719d14bf5c2efaa7a0bd07
results : [{'layer': 'Application', 'matched_category': 'Green Hydrogen Economy', 'keyword': 'green hydrogen', 'meta_data': 'Electrocatalytic hydrogen production from water is limited by sluggish kinetics and requires a highly overpotential of anodic oxygen evolution reaction (OER) and cathodic hydrogen evolution reaction (HER).'}] for paper_id : 9f1eb177e685bd3596719d14bf5c2efaa7a0bd07
  - Layer: owl:ObjectProperty abstract : Rational design of single atom catalyst is critical for efficient sustainable energy conversion. However, the atomic-level control of active sites is essential for electrocatalytic materials in alkaline electrolyte. Moreover, well-defined surface structures lead to in-depth understanding of catalytic mechanisms. Herein, we report a single-atomic-site ruthenium stabilized on defective nickel-iron layered double hydroxide nanosheets (Ru1/D-NiFe LDH). Under precise regulation of local coordination environments of catalytically active sites and the existence of the defects, Ru1/D-NiFe LDH delivers an ultralow overpotential of 18 mV at 10 mA cm−2 for hydrogen evolution reaction, surpassing the commercial Pt/C catalyst. Density functional theory calculations reveal that Ru1/D-NiFe LDH optimizes the adsorption energies of intermediates for hydrogen evolution reaction and promotes the O–O coupling at a Ru–O active site for oxygen evolution reaction. The Ru1/D-NiFe LDH as an ideal model reveals superior water splitting performance with potential for the development of promising water-alkali electrocatalysts. Rational design of single atom catalyst is critical for efficient sustainable energy conversion. Single-atomic-site ruthenium stabilized on defective nickel-iron layered double hydroxide nanosheets achieve superior HER and OER performance in alkaline media. categories : {'emmo-electro:catalyzes': [], 'emmo-electro:occursIn': [], 'emmo-electro:hasMetric': [], 'emmo-electro:hasDopant': []}
prompt : You are a structured information extraction AI specialized in materials science.

TASK: Extract information for the ontology layer: "owl:ObjectProperty".

ONTOLOGY LAYER (categories → sample keywords):
{
  "emmo-electro:catalyzes": [],
  "emmo-electro:occursIn": [],
  "emmo-electro:hasMetric": [],
  "emmo-electro:hasDopant": []
}

TEXT TO ANALYZE:
Rational design of single atom catalyst is critical for efficient sustainable energy conversion. However, the atomic-level control of active sites is essential for electrocatalytic materials in alkaline electrolyte. Moreover, well-defined surface structures lead to in-depth understanding of catalytic mechanisms. Herein, we report a single-atomic-site ruthenium stabilized on defective nickel-iron layered double hydroxide nanosheets (Ru1/D-NiFe LDH). Under precise regulation of local coordination environments of catalytically active sites and the existence of the defects, Ru1/D-NiFe LDH delivers an ultralow overpotential of 18 mV at 10 mA cm−2 for hydrogen evolution reaction, surpassing the commercial Pt/C catalyst. Density functional theory calculations reveal that Ru1/D-NiFe LDH optimizes the adsorption energies of intermediates for hydrogen evolution reaction and promotes the O–O coupling at a Ru–O active site for oxygen evolution reaction. The Ru1/D-NiFe LDH as an ideal model reveals superior water splitting performance with potential for the development of promising water-alkali electrocatalysts. Rational design of single atom catalyst is critical for efficient sustainable energy conversion. Single-atomic-site ruthenium stabilized on defective nickel-iron layered double hydroxide nanosheets achieve superior HER and OER performance in alkaline media.

IMPORTANT ONTOLOGY CONSTRAINTS:
- Only extract relationships (triples/edges) that are valid according to the ontology's allowed domain and range for each relation.
- Use the canonical ontology URIs/types for all nodes and relations, as defined in the ontology.
- If a relationship is not permitted by the ontology (e.g., the source or target type is not allowed for a given relation), SKIP IT and do not include it in the output.
- Do NOT hallucinate or invent relationships that are not explicitly allowed by the ontology.

OUTPUT FORMAT (IMPORTANT):
- OUTPUT MUST BE PURE JSON (a JSON array). DO NOT include code fences, markdown, or any text outside the JSON.
- EACH ITEM must follow this exact schema:
    {
        "layer": "owl:ObjectProperty",
        "matched_category": "<one of the categories exactly as shown above>",
        "keyword": "<extracted keyword or phrase>",
        "meta_data": "<short supporting snippet from the text>"
    }
- Keep 1–25 items. Use lowercase for keywords where natural.
- If nothing matches, return [] (empty JSON array).

EXAMPLES (DO NOT ECHO; JUST FOLLOW THE FORMAT):
Example:
[
    {
        "layer": "owl:ObjectProperty",
        "matched_category": "<CategoryName>",
        "keyword": "iridium oxide",
        "meta_data": "… overpotential of 240 mV at 10 mA cm^-2 in acidic media …"
    }
]

NOW RETURN ONLY THE JSON ARRAY as a string. Do not include any characters such as ``` or json or any sort of code formatting.
xxxx
model_output : [
    {
        "layer": "owl:ObjectProperty",
        "matched_category": "emmo-electro:hasDopant",
        "keyword": "nickel-iron layered double hydroxide",
        "meta_data": "Single-atomic-site ruthenium stabilized on defective nickel-iron layered double hydroxide nanosheets achieve superior HER and OER performance in alkaline media."
    },
    {
        "layer": "owl:ObjectProperty",
        "matched_category": "emmo-electro:hasDopant",
        "keyword": "ruthenium",
        "meta_data": "Single-atomic-site ruthenium stabilized on defective nickel-iron layered double hydroxide nanosheets achieve superior HER and OER performance in alkaline media."
    },
    {
        "layer": "owl:ObjectProperty",
        "matched_category": "emmo-electro:catalyzes",
        "keyword": "hydrogen evolution reaction",
        "meta_data": "Under precise regulation of local coordination environments of catalytically active sites and the existence of the defects, Ru1/D-NiFe LDH delivers an ultralow overpotential of 18 mV at 10 mA cm^-2 for hydrogen evolution reaction, surpassing the commercial Pt/C catalyst."
    },
    {
        "layer": "owl:ObjectProperty",
        "matched_category": "emmo-electro:catalyzes",
        "keyword": "oxygen evolution reaction",
        "meta_data": "Density functional theory calculations reveal that Ru1/D-NiFe LDH optimizes the adsorption energies of intermediates for hydrogen evolution reaction and promotes the O–O coupling at a Ru–O active site for oxygen evolution reaction."
    }
]
results : [{'layer': 'owl:ObjectProperty', 'matched_category': 'emmo-electro:hasDopant', 'keyword': 'nickel-iron layered double hydroxide', 'meta_data': 'Single-atomic-site ruthenium stabilized on defective nickel-iron layered double hydroxide nanosheets achieve superior HER and OER performance in alkaline media.'}, {'layer': 'owl:ObjectProperty', 'matched_category': 'emmo-electro:hasDopant', 'keyword': 'ruthenium', 'meta_data': 'Single-atomic-site ruthenium stabilized on defective nickel-iron layered double hydroxide nanosheets achieve superior HER and OER performance in alkaline media.'}, {'layer': 'owl:ObjectProperty', 'matched_category': 'emmo-electro:catalyzes', 'keyword': 'hydrogen evolution reaction', 'meta_data': 'Under precise regulation of local coordination environments of catalytically active sites and the existence of the defects, Ru1/D-NiFe LDH delivers an ultralow overpotential of 18 mV at 10 mA cm^-2 for hydrogen evolution reaction, surpassing the commercial Pt/C catalyst.'}, {'layer': 'owl:ObjectProperty', 'matched_category': 'emmo-electro:catalyzes', 'keyword': 'oxygen evolution reaction', 'meta_data': 'Density functional theory calculations reveal that Ru1/D-NiFe LDH optimizes the adsorption energies of intermediates for hydrogen evolution reaction and promotes the O–O coupling at a Ru–O active site for oxygen evolution reaction.'}] for paper_id : ffc10bfa2fdce53e11054d1e45c47732cd39585e
results : [{'layer': 'owl:ObjectProperty', 'matched_category': 'emmo-electro:hasDopant', 'keyword': 'nickel-iron layered double hydroxide', 'meta_data': 'Single-atomic-site ruthenium stabilized on defective nickel-iron layered double hydroxide nanosheets achieve superior HER and OER performance in alkaline media.'}, {'layer': 'owl:ObjectProperty', 'matched_category': 'emmo-electro:hasDopant', 'keyword': 'ruthenium', 'meta_data': 'Single-atomic-site ruthenium stabilized on defective nickel-iron layered double hydroxide nanosheets achieve superior HER and OER performance in alkaline media.'}, {'layer': 'owl:ObjectProperty', 'matched_category': 'emmo-electro:catalyzes', 'keyword': 'hydrogen evolution reaction', 'meta_data': 'Under precise regulation of local coordination environments of catalytically active sites and the existence of the defects, Ru1/D-NiFe LDH delivers an ultralow overpotential of 18 mV at 10 mA cm^-2 for hydrogen evolution reaction, surpassing the commercial Pt/C catalyst.'}, {'layer': 'owl:ObjectProperty', 'matched_category': 'emmo-electro:catalyzes', 'keyword': 'oxygen evolution reaction', 'meta_data': 'Density functional theory calculations reveal that Ru1/D-NiFe LDH optimizes the adsorption energies of intermediates for hydrogen evolution reaction and promotes the O–O coupling at a Ru–O active site for oxygen evolution reaction.'}] for paper_id : ffc10bfa2fdce53e11054d1e45c47732cd39585e
  - Layer: Device abstract : Rational design of single atom catalyst is critical for efficient sustainable energy conversion. However, the atomic-level control of active sites is essential for electrocatalytic materials in alkaline electrolyte. Moreover, well-defined surface structures lead to in-depth understanding of catalytic mechanisms. Herein, we report a single-atomic-site ruthenium stabilized on defective nickel-iron layered double hydroxide nanosheets (Ru1/D-NiFe LDH). Under precise regulation of local coordination environments of catalytically active sites and the existence of the defects, Ru1/D-NiFe LDH delivers an ultralow overpotential of 18 mV at 10 mA cm−2 for hydrogen evolution reaction, surpassing the commercial Pt/C catalyst. Density functional theory calculations reveal that Ru1/D-NiFe LDH optimizes the adsorption energies of intermediates for hydrogen evolution reaction and promotes the O–O coupling at a Ru–O active site for oxygen evolution reaction. The Ru1/D-NiFe LDH as an ideal model reveals superior water splitting performance with potential for the development of promising water-alkali electrocatalysts. Rational design of single atom catalyst is critical for efficient sustainable energy conversion. Single-atomic-site ruthenium stabilized on defective nickel-iron layered double hydroxide nanosheets achieve superior HER and OER performance in alkaline media. categories : {'Proton Exchange Membrane Water Electrolyzer': ['PEM water electrolysis', 'acidic water electrolysis', 'proton exchange membrane electrolyzer', 'PEMWE', 'Proton Exchange Membrane Water Electrolyzer'], 'Proton Exchange Membrane Fuel Cell': ['PEM fuel cell', 'proton exchange membrane', 'fuel cell', 'Proton Exchange Membrane Fuel Cell', 'PEMFC'], 'Anion Exchange Membrane Water Electrolyzer': ['Anion Exchange Membrane Water Electrolyzer', 'AEM electrolyzer', 'AEMWE', 'alkaline water electrolysis'], 'Anion Exchange Membrane Fuel Cell': ['Anion Exchange Membrane Fuel Cell', 'AEM fuel cell', 'AEMFC'], 'Solid Oxide Electrolysis Cell': ['Solid Oxide Electrolysis Cell', 'solid oxide electrolyzer', 'SOEC'], 'Solid Oxide Fuel Cell': ['Solid Oxide Fuel Cell', 'SOFC']}
prompt : You are a structured information extraction AI specialized in materials science.

TASK: Extract information for the ontology layer: "Device".

ONTOLOGY LAYER (categories → sample keywords):
{
  "Proton Exchange Membrane Water Electrolyzer": [
    "PEM water electrolysis",
    "acidic water electrolysis",
    "proton exchange membrane electrolyzer",
    "PEMWE",
    "Proton Exchange Membrane Water Electrolyzer"
  ],
  "Proton Exchange Membrane Fuel Cell": [
    "PEM fuel cell",
    "proton exchange membrane",
    "fuel cell",
    "Proton Exchange Membrane Fuel Cell",
    "PEMFC"
  ],
  "Anion Exchange Membrane Water Electrolyzer": [
    "Anion Exchange Membrane Water Electrolyzer",
    "AEM electrolyzer",
    "AEMWE",
    "alkaline water electrolysis"
  ],
  "Anion Exchange Membrane Fuel Cell": [
    "Anion Exchange Membrane Fuel Cell",
    "AEM fuel cell",
    "AEMFC"
  ],
  "Solid Oxide Electrolysis Cell": [
    "Solid Oxide Electrolysis Cell",
    "solid oxide electrolyzer",
    "SOEC"
  ],
  "Solid Oxide Fuel Cell": [
    "Solid Oxide Fuel Cell",
    "SOFC"
  ]
}

TEXT TO ANALYZE:
Rational design of single atom catalyst is critical for efficient sustainable energy conversion. However, the atomic-level control of active sites is essential for electrocatalytic materials in alkaline electrolyte. Moreover, well-defined surface structures lead to in-depth understanding of catalytic mechanisms. Herein, we report a single-atomic-site ruthenium stabilized on defective nickel-iron layered double hydroxide nanosheets (Ru1/D-NiFe LDH). Under precise regulation of local coordination environments of catalytically active sites and the existence of the defects, Ru1/D-NiFe LDH delivers an ultralow overpotential of 18 mV at 10 mA cm−2 for hydrogen evolution reaction, surpassing the commercial Pt/C catalyst. Density functional theory calculations reveal that Ru1/D-NiFe LDH optimizes the adsorption energies of intermediates for hydrogen evolution reaction and promotes the O–O coupling at a Ru–O active site for oxygen evolution reaction. The Ru1/D-NiFe LDH as an ideal model reveals superior water splitting performance with potential for the development of promising water-alkali electrocatalysts. Rational design of single atom catalyst is critical for efficient sustainable energy conversion. Single-atomic-site ruthenium stabilized on defective nickel-iron layered double hydroxide nanosheets achieve superior HER and OER performance in alkaline media.

IMPORTANT ONTOLOGY CONSTRAINTS:
- Only extract relationships (triples/edges) that are valid according to the ontology's allowed domain and range for each relation.
- Use the canonical ontology URIs/types for all nodes and relations, as defined in the ontology.
- If a relationship is not permitted by the ontology (e.g., the source or target type is not allowed for a given relation), SKIP IT and do not include it in the output.
- Do NOT hallucinate or invent relationships that are not explicitly allowed by the ontology.

OUTPUT FORMAT (IMPORTANT):
- OUTPUT MUST BE PURE JSON (a JSON array). DO NOT include code fences, markdown, or any text outside the JSON.
- EACH ITEM must follow this exact schema:
    {
        "layer": "Device",
        "matched_category": "<one of the categories exactly as shown above>",
        "keyword": "<extracted keyword or phrase>",
        "meta_data": "<short supporting snippet from the text>"
    }
- Keep 1–25 items. Use lowercase for keywords where natural.
- If nothing matches, return [] (empty JSON array).

EXAMPLES (DO NOT ECHO; JUST FOLLOW THE FORMAT):
Example:
[
    {
        "layer": "Device",
        "matched_category": "<CategoryName>",
        "keyword": "iridium oxide",
        "meta_data": "… overpotential of 240 mV at 10 mA cm^-2 in acidic media …"
    }
]

NOW RETURN ONLY THE JSON ARRAY as a string. Do not include any characters such as ``` or json or any sort of code formatting.
xxxx
model_output : [
    {
        "layer": "Device",
        "matched_category": "Solid Oxide Fuel Cell",
        "keyword": "solid oxide electrolysis cell",
        "meta_data": ""
    },
    {
        "layer": "Device",
        "matched_category": "Proton Exchange Membrane Water Electrolyzer",
        "keyword": "hydrogen evolution reaction",
        "meta_data": "… delivers an ultralow overpotential of 18 mV at 10 mA cm−2 for hydrogen evolution reaction …"
    },
    {
        "layer": "Device",
        "matched_category": "Solid Oxide Electrolysis Cell",
        "keyword": "solid oxide electrolyzer",
        "meta_data": ""
    }
]
results : [{'layer': 'Device', 'matched_category': 'Solid Oxide Fuel Cell', 'keyword': 'solid oxide electrolysis cell', 'meta_data': ''}, {'layer': 'Device', 'matched_category': 'Proton Exchange Membrane Water Electrolyzer', 'keyword': 'hydrogen evolution reaction', 'meta_data': '… delivers an ultralow overpotential of 18\u2009mV at 10\u2009mA\u2009cm−2 for hydrogen evolution reaction …'}, {'layer': 'Device', 'matched_category': 'Solid Oxide Electrolysis Cell', 'keyword': 'solid oxide electrolyzer', 'meta_data': ''}] for paper_id : ffc10bfa2fdce53e11054d1e45c47732cd39585e
results : [{'layer': 'Device', 'matched_category': 'Solid Oxide Fuel Cell', 'keyword': 'solid oxide electrolysis cell', 'meta_data': ''}, {'layer': 'Device', 'matched_category': 'Proton Exchange Membrane Water Electrolyzer', 'keyword': 'hydrogen evolution reaction', 'meta_data': '… delivers an ultralow overpotential of 18\u2009mV at 10\u2009mA\u2009cm−2 for hydrogen evolution reaction …'}, {'layer': 'Device', 'matched_category': 'Solid Oxide Electrolysis Cell', 'keyword': 'solid oxide electrolyzer', 'meta_data': ''}] for paper_id : ffc10bfa2fdce53e11054d1e45c47732cd39585e
  - Layer: Environment abstract : Rational design of single atom catalyst is critical for efficient sustainable energy conversion. However, the atomic-level control of active sites is essential for electrocatalytic materials in alkaline electrolyte. Moreover, well-defined surface structures lead to in-depth understanding of catalytic mechanisms. Herein, we report a single-atomic-site ruthenium stabilized on defective nickel-iron layered double hydroxide nanosheets (Ru1/D-NiFe LDH). Under precise regulation of local coordination environments of catalytically active sites and the existence of the defects, Ru1/D-NiFe LDH delivers an ultralow overpotential of 18 mV at 10 mA cm−2 for hydrogen evolution reaction, surpassing the commercial Pt/C catalyst. Density functional theory calculations reveal that Ru1/D-NiFe LDH optimizes the adsorption energies of intermediates for hydrogen evolution reaction and promotes the O–O coupling at a Ru–O active site for oxygen evolution reaction. The Ru1/D-NiFe LDH as an ideal model reveals superior water splitting performance with potential for the development of promising water-alkali electrocatalysts. Rational design of single atom catalyst is critical for efficient sustainable energy conversion. Single-atomic-site ruthenium stabilized on defective nickel-iron layered double hydroxide nanosheets achieve superior HER and OER performance in alkaline media. categories : {'Acidic Environment': ['acidic', 'pH<7', 'pH 1', 'Acidic Environment', 'pH<', 'pH=1', 'pH < 7'], 'Alkaline Environment': ['pH>', 'pH>7', 'alkaline', 'basic', 'Alkaline Environment', 'pH=14', 'pH > 7'], 'Neutral Environment': ['neutral pH', 'Neutral Environment', 'pH 7'], 'Operating Temperature': ['80°C', 'temperature', 'Operating Temperature', 'temperature-controlled', '25°C'], 'Operating Pressure': ['pressure', 'Operating Pressure', 'high-pressure', '1 atm', '10 atm']}
prompt : You are a structured information extraction AI specialized in materials science.

TASK: Extract information for the ontology layer: "Environment".

ONTOLOGY LAYER (categories → sample keywords):
{
  "Acidic Environment": [
    "acidic",
    "pH<7",
    "pH 1",
    "Acidic Environment",
    "pH<",
    "pH=1",
    "pH < 7"
  ],
  "Alkaline Environment": [
    "pH>",
    "pH>7",
    "alkaline",
    "basic",
    "Alkaline Environment",
    "pH=14",
    "pH > 7"
  ],
  "Neutral Environment": [
    "neutral pH",
    "Neutral Environment",
    "pH 7"
  ],
  "Operating Temperature": [
    "80°C",
    "temperature",
    "Operating Temperature",
    "temperature-controlled",
    "25°C"
  ],
  "Operating Pressure": [
    "pressure",
    "Operating Pressure",
    "high-pressure",
    "1 atm",
    "10 atm"
  ]
}

TEXT TO ANALYZE:
Rational design of single atom catalyst is critical for efficient sustainable energy conversion. However, the atomic-level control of active sites is essential for electrocatalytic materials in alkaline electrolyte. Moreover, well-defined surface structures lead to in-depth understanding of catalytic mechanisms. Herein, we report a single-atomic-site ruthenium stabilized on defective nickel-iron layered double hydroxide nanosheets (Ru1/D-NiFe LDH). Under precise regulation of local coordination environments of catalytically active sites and the existence of the defects, Ru1/D-NiFe LDH delivers an ultralow overpotential of 18 mV at 10 mA cm−2 for hydrogen evolution reaction, surpassing the commercial Pt/C catalyst. Density functional theory calculations reveal that Ru1/D-NiFe LDH optimizes the adsorption energies of intermediates for hydrogen evolution reaction and promotes the O–O coupling at a Ru–O active site for oxygen evolution reaction. The Ru1/D-NiFe LDH as an ideal model reveals superior water splitting performance with potential for the development of promising water-alkali electrocatalysts. Rational design of single atom catalyst is critical for efficient sustainable energy conversion. Single-atomic-site ruthenium stabilized on defective nickel-iron layered double hydroxide nanosheets achieve superior HER and OER performance in alkaline media.

IMPORTANT ONTOLOGY CONSTRAINTS:
- Only extract relationships (triples/edges) that are valid according to the ontology's allowed domain and range for each relation.
- Use the canonical ontology URIs/types for all nodes and relations, as defined in the ontology.
- If a relationship is not permitted by the ontology (e.g., the source or target type is not allowed for a given relation), SKIP IT and do not include it in the output.
- Do NOT hallucinate or invent relationships that are not explicitly allowed by the ontology.

OUTPUT FORMAT (IMPORTANT):
- OUTPUT MUST BE PURE JSON (a JSON array). DO NOT include code fences, markdown, or any text outside the JSON.
- EACH ITEM must follow this exact schema:
    {
        "layer": "Environment",
        "matched_category": "<one of the categories exactly as shown above>",
        "keyword": "<extracted keyword or phrase>",
        "meta_data": "<short supporting snippet from the text>"
    }
- Keep 1–25 items. Use lowercase for keywords where natural.
- If nothing matches, return [] (empty JSON array).

EXAMPLES (DO NOT ECHO; JUST FOLLOW THE FORMAT):
Example:
[
    {
        "layer": "Environment",
        "matched_category": "<CategoryName>",
        "keyword": "iridium oxide",
        "meta_data": "… overpotential of 240 mV at 10 mA cm^-2 in acidic media …"
    }
]

NOW RETURN ONLY THE JSON ARRAY as a string. Do not include any characters such as ``` or json or any sort of code formatting.
xxxx
model_output : [
    {
        "layer": "Environment",
        "matched_category": "Alkaline Environment",
        "keyword": "alkaline",
        "meta_data": "… single-atomic-site ruthenium stabilized on defective nickel-iron layered double hydroxide nanosheets achieve superior HER and OER performance in alkaline media …"
    }
]
results : [{'layer': 'Environment', 'matched_category': 'Alkaline Environment', 'keyword': 'alkaline', 'meta_data': '… single-atomic-site ruthenium stabilized on defective nickel-iron layered double hydroxide nanosheets achieve superior HER and OER performance in alkaline media …'}] for paper_id : ffc10bfa2fdce53e11054d1e45c47732cd39585e
results : [{'layer': 'Environment', 'matched_category': 'Alkaline Environment', 'keyword': 'alkaline', 'meta_data': '… single-atomic-site ruthenium stabilized on defective nickel-iron layered double hydroxide nanosheets achieve superior HER and OER performance in alkaline media …'}] for paper_id : ffc10bfa2fdce53e11054d1e45c47732cd39585e
  - Layer: Process abstract : Rational design of single atom catalyst is critical for efficient sustainable energy conversion. However, the atomic-level control of active sites is essential for electrocatalytic materials in alkaline electrolyte. Moreover, well-defined surface structures lead to in-depth understanding of catalytic mechanisms. Herein, we report a single-atomic-site ruthenium stabilized on defective nickel-iron layered double hydroxide nanosheets (Ru1/D-NiFe LDH). Under precise regulation of local coordination environments of catalytically active sites and the existence of the defects, Ru1/D-NiFe LDH delivers an ultralow overpotential of 18 mV at 10 mA cm−2 for hydrogen evolution reaction, surpassing the commercial Pt/C catalyst. Density functional theory calculations reveal that Ru1/D-NiFe LDH optimizes the adsorption energies of intermediates for hydrogen evolution reaction and promotes the O–O coupling at a Ru–O active site for oxygen evolution reaction. The Ru1/D-NiFe LDH as an ideal model reveals superior water splitting performance with potential for the development of promising water-alkali electrocatalysts. Rational design of single atom catalyst is critical for efficient sustainable energy conversion. Single-atomic-site ruthenium stabilized on defective nickel-iron layered double hydroxide nanosheets achieve superior HER and OER performance in alkaline media. categories : {'Electrochemical Energy Conversion': ['redox energy', 'electrochemical cell', 'electrochemical process', 'Electrochemical Energy Conversion'], 'Water Electrolysis': ['water splitting', 'electrolysis of water', 'splitting H2O', 'hydrogen from water', 'Water Electrolysis'], 'Electrocatalysis': ['electrode reaction enhancement', 'electrocatalytic', 'Electrocatalysis', 'electrochemical catalysts', 'electrocatalyst']}
prompt : You are a structured information extraction AI specialized in materials science.

TASK: Extract information for the ontology layer: "Process".

ONTOLOGY LAYER (categories → sample keywords):
{
  "Electrochemical Energy Conversion": [
    "redox energy",
    "electrochemical cell",
    "electrochemical process",
    "Electrochemical Energy Conversion"
  ],
  "Water Electrolysis": [
    "water splitting",
    "electrolysis of water",
    "splitting H2O",
    "hydrogen from water",
    "Water Electrolysis"
  ],
  "Electrocatalysis": [
    "electrode reaction enhancement",
    "electrocatalytic",
    "Electrocatalysis",
    "electrochemical catalysts",
    "electrocatalyst"
  ]
}

TEXT TO ANALYZE:
Rational design of single atom catalyst is critical for efficient sustainable energy conversion. However, the atomic-level control of active sites is essential for electrocatalytic materials in alkaline electrolyte. Moreover, well-defined surface structures lead to in-depth understanding of catalytic mechanisms. Herein, we report a single-atomic-site ruthenium stabilized on defective nickel-iron layered double hydroxide nanosheets (Ru1/D-NiFe LDH). Under precise regulation of local coordination environments of catalytically active sites and the existence of the defects, Ru1/D-NiFe LDH delivers an ultralow overpotential of 18 mV at 10 mA cm−2 for hydrogen evolution reaction, surpassing the commercial Pt/C catalyst. Density functional theory calculations reveal that Ru1/D-NiFe LDH optimizes the adsorption energies of intermediates for hydrogen evolution reaction and promotes the O–O coupling at a Ru–O active site for oxygen evolution reaction. The Ru1/D-NiFe LDH as an ideal model reveals superior water splitting performance with potential for the development of promising water-alkali electrocatalysts. Rational design of single atom catalyst is critical for efficient sustainable energy conversion. Single-atomic-site ruthenium stabilized on defective nickel-iron layered double hydroxide nanosheets achieve superior HER and OER performance in alkaline media.

IMPORTANT ONTOLOGY CONSTRAINTS:
- Only extract relationships (triples/edges) that are valid according to the ontology's allowed domain and range for each relation.
- Use the canonical ontology URIs/types for all nodes and relations, as defined in the ontology.
- If a relationship is not permitted by the ontology (e.g., the source or target type is not allowed for a given relation), SKIP IT and do not include it in the output.
- Do NOT hallucinate or invent relationships that are not explicitly allowed by the ontology.

OUTPUT FORMAT (IMPORTANT):
- OUTPUT MUST BE PURE JSON (a JSON array). DO NOT include code fences, markdown, or any text outside the JSON.
- EACH ITEM must follow this exact schema:
    {
        "layer": "Process",
        "matched_category": "<one of the categories exactly as shown above>",
        "keyword": "<extracted keyword or phrase>",
        "meta_data": "<short supporting snippet from the text>"
    }
- Keep 1–25 items. Use lowercase for keywords where natural.
- If nothing matches, return [] (empty JSON array).

EXAMPLES (DO NOT ECHO; JUST FOLLOW THE FORMAT):
Example:
[
    {
        "layer": "Process",
        "matched_category": "<CategoryName>",
        "keyword": "iridium oxide",
        "meta_data": "… overpotential of 240 mV at 10 mA cm^-2 in acidic media …"
    }
]

NOW RETURN ONLY THE JSON ARRAY as a string. Do not include any characters such as ``` or json or any sort of code formatting.
xxxx
model_output : [
    {
        "layer": "Process",
        "matched_category": "Electrocatalysis",
        "keyword": "electrocatalytic",
        "meta_data": "… optimization of the adsorption energies of intermediates for hydrogen evolution reaction and promotes the O–O coupling at a Ru–O active site for oxygen evolution reaction …"
    },
    {
        "layer": "Process",
        "matched_category": "Electrocatalysis",
        "keyword": "electrochemical catalysts",
        "meta_data": "… electrocatalytic materials in alkaline electrolyte …"
    }
]
results : [{'layer': 'Process', 'matched_category': 'Electrocatalysis', 'keyword': 'electrocatalytic', 'meta_data': '… optimization of the adsorption energies of intermediates for hydrogen evolution reaction and promotes the O–O coupling at a Ru–O active site for oxygen evolution reaction …'}, {'layer': 'Process', 'matched_category': 'Electrocatalysis', 'keyword': 'electrochemical catalysts', 'meta_data': '… electrocatalytic materials in alkaline electrolyte …'}] for paper_id : ffc10bfa2fdce53e11054d1e45c47732cd39585e
results : [{'layer': 'Process', 'matched_category': 'Electrocatalysis', 'keyword': 'electrocatalytic', 'meta_data': '… optimization of the adsorption energies of intermediates for hydrogen evolution reaction and promotes the O–O coupling at a Ru–O active site for oxygen evolution reaction …'}, {'layer': 'Process', 'matched_category': 'Electrocatalysis', 'keyword': 'electrochemical catalysts', 'meta_data': '… electrocatalytic materials in alkaline electrolyte …'}] for paper_id : ffc10bfa2fdce53e11054d1e45c47732cd39585e
  - Layer: Reaction abstract : Rational design of single atom catalyst is critical for efficient sustainable energy conversion. However, the atomic-level control of active sites is essential for electrocatalytic materials in alkaline electrolyte. Moreover, well-defined surface structures lead to in-depth understanding of catalytic mechanisms. Herein, we report a single-atomic-site ruthenium stabilized on defective nickel-iron layered double hydroxide nanosheets (Ru1/D-NiFe LDH). Under precise regulation of local coordination environments of catalytically active sites and the existence of the defects, Ru1/D-NiFe LDH delivers an ultralow overpotential of 18 mV at 10 mA cm−2 for hydrogen evolution reaction, surpassing the commercial Pt/C catalyst. Density functional theory calculations reveal that Ru1/D-NiFe LDH optimizes the adsorption energies of intermediates for hydrogen evolution reaction and promotes the O–O coupling at a Ru–O active site for oxygen evolution reaction. The Ru1/D-NiFe LDH as an ideal model reveals superior water splitting performance with potential for the development of promising water-alkali electrocatalysts. Rational design of single atom catalyst is critical for efficient sustainable energy conversion. Single-atomic-site ruthenium stabilized on defective nickel-iron layered double hydroxide nanosheets achieve superior HER and OER performance in alkaline media. categories : {'Hydrogen Evolution Reaction': ['HER', 'H2 generation', 'hydrogen evolution', 'reduction of protons', 'Hydrogen Evolution Reaction'], 'Oxygen Evolution Reaction': ['oxygen evolution', 'water oxidation', 'oxygen generation', 'OER', 'Oxygen Evolution Reaction'], 'Proton-Coupled Electron Transfer': ['concerted proton electron transfer', 'PCET', 'proton-electron', 'Proton-Coupled Electron Transfer']}
prompt : You are a structured information extraction AI specialized in materials science.

TASK: Extract information for the ontology layer: "Reaction".

ONTOLOGY LAYER (categories → sample keywords):
{
  "Hydrogen Evolution Reaction": [
    "HER",
    "H2 generation",
    "hydrogen evolution",
    "reduction of protons",
    "Hydrogen Evolution Reaction"
  ],
  "Oxygen Evolution Reaction": [
    "oxygen evolution",
    "water oxidation",
    "oxygen generation",
    "OER",
    "Oxygen Evolution Reaction"
  ],
  "Proton-Coupled Electron Transfer": [
    "concerted proton electron transfer",
    "PCET",
    "proton-electron",
    "Proton-Coupled Electron Transfer"
  ]
}

TEXT TO ANALYZE:
Rational design of single atom catalyst is critical for efficient sustainable energy conversion. However, the atomic-level control of active sites is essential for electrocatalytic materials in alkaline electrolyte. Moreover, well-defined surface structures lead to in-depth understanding of catalytic mechanisms. Herein, we report a single-atomic-site ruthenium stabilized on defective nickel-iron layered double hydroxide nanosheets (Ru1/D-NiFe LDH). Under precise regulation of local coordination environments of catalytically active sites and the existence of the defects, Ru1/D-NiFe LDH delivers an ultralow overpotential of 18 mV at 10 mA cm−2 for hydrogen evolution reaction, surpassing the commercial Pt/C catalyst. Density functional theory calculations reveal that Ru1/D-NiFe LDH optimizes the adsorption energies of intermediates for hydrogen evolution reaction and promotes the O–O coupling at a Ru–O active site for oxygen evolution reaction. The Ru1/D-NiFe LDH as an ideal model reveals superior water splitting performance with potential for the development of promising water-alkali electrocatalysts. Rational design of single atom catalyst is critical for efficient sustainable energy conversion. Single-atomic-site ruthenium stabilized on defective nickel-iron layered double hydroxide nanosheets achieve superior HER and OER performance in alkaline media.

IMPORTANT ONTOLOGY CONSTRAINTS:
- Only extract relationships (triples/edges) that are valid according to the ontology's allowed domain and range for each relation.
- Use the canonical ontology URIs/types for all nodes and relations, as defined in the ontology.
- If a relationship is not permitted by the ontology (e.g., the source or target type is not allowed for a given relation), SKIP IT and do not include it in the output.
- Do NOT hallucinate or invent relationships that are not explicitly allowed by the ontology.

OUTPUT FORMAT (IMPORTANT):
- OUTPUT MUST BE PURE JSON (a JSON array). DO NOT include code fences, markdown, or any text outside the JSON.
- EACH ITEM must follow this exact schema:
    {
        "layer": "Reaction",
        "matched_category": "<one of the categories exactly as shown above>",
        "keyword": "<extracted keyword or phrase>",
        "meta_data": "<short supporting snippet from the text>"
    }
- Keep 1–25 items. Use lowercase for keywords where natural.
- If nothing matches, return [] (empty JSON array).

EXAMPLES (DO NOT ECHO; JUST FOLLOW THE FORMAT):
Example:
[
    {
        "layer": "Reaction",
        "matched_category": "<CategoryName>",
        "keyword": "iridium oxide",
        "meta_data": "… overpotential of 240 mV at 10 mA cm^-2 in acidic media …"
    }
]

NOW RETURN ONLY THE JSON ARRAY as a string. Do not include any characters such as ``` or json or any sort of code formatting.
xxxx
model_output : [
    {
        "layer": "Reaction",
        "matched_category": "Hydrogen Evolution Reaction",
        "keyword": "hydrogen evolution reaction",
        "meta_data": "… delivers an ultralow overpotential of 18 mV at 10 mA cm−2 for hydrogen evolution reaction …"
    },
    {
        "layer": "Reaction",
        "matched_category": "Oxygen Evolution Reaction",
        "keyword": "oxygen evolution reaction",
        "meta_data": "… optimizes the adsorption energies of intermediates for oxygen evolution reaction and promotes the O–O coupling at a Ru–O active site …"
    }
]
results : [{'layer': 'Reaction', 'matched_category': 'Hydrogen Evolution Reaction', 'keyword': 'hydrogen evolution reaction', 'meta_data': '… delivers an ultralow overpotential of 18\u2009mV at 10\u2009mA\u2009cm−2 for hydrogen evolution reaction …'}, {'layer': 'Reaction', 'matched_category': 'Oxygen Evolution Reaction', 'keyword': 'oxygen evolution reaction', 'meta_data': '… optimizes the adsorption energies of intermediates for oxygen evolution reaction and promotes the O–O coupling at a Ru–O active site …'}] for paper_id : ffc10bfa2fdce53e11054d1e45c47732cd39585e
results : [{'layer': 'Reaction', 'matched_category': 'Hydrogen Evolution Reaction', 'keyword': 'hydrogen evolution reaction', 'meta_data': '… delivers an ultralow overpotential of 18\u2009mV at 10\u2009mA\u2009cm−2 for hydrogen evolution reaction …'}, {'layer': 'Reaction', 'matched_category': 'Oxygen Evolution Reaction', 'keyword': 'oxygen evolution reaction', 'meta_data': '… optimizes the adsorption energies of intermediates for oxygen evolution reaction and promotes the O–O coupling at a Ru–O active site …'}] for paper_id : ffc10bfa2fdce53e11054d1e45c47732cd39585e
  - Layer: Element abstract : Rational design of single atom catalyst is critical for efficient sustainable energy conversion. However, the atomic-level control of active sites is essential for electrocatalytic materials in alkaline electrolyte. Moreover, well-defined surface structures lead to in-depth understanding of catalytic mechanisms. Herein, we report a single-atomic-site ruthenium stabilized on defective nickel-iron layered double hydroxide nanosheets (Ru1/D-NiFe LDH). Under precise regulation of local coordination environments of catalytically active sites and the existence of the defects, Ru1/D-NiFe LDH delivers an ultralow overpotential of 18 mV at 10 mA cm−2 for hydrogen evolution reaction, surpassing the commercial Pt/C catalyst. Density functional theory calculations reveal that Ru1/D-NiFe LDH optimizes the adsorption energies of intermediates for hydrogen evolution reaction and promotes the O–O coupling at a Ru–O active site for oxygen evolution reaction. The Ru1/D-NiFe LDH as an ideal model reveals superior water splitting performance with potential for the development of promising water-alkali electrocatalysts. Rational design of single atom catalyst is critical for efficient sustainable energy conversion. Single-atomic-site ruthenium stabilized on defective nickel-iron layered double hydroxide nanosheets achieve superior HER and OER performance in alkaline media. categories : {'Iron': ['Fe2+', 'Fe3+', 'Iron', 'Fe', 'iron-based catalyst'], 'Nickel': ['Ni', 'nickel foam', 'Nickel', 'nickel oxide'], 'Cobalt': ['cobalt-doped', 'Co3O4', 'Cobalt', 'Co'], 'Transition Metals': ['first-row metals', 'transition metal', 'Transition Metals', 'd-block metal'], 'Earth-Abundant Elements': ['earth abundant', 'earth-abundant', 'Earth-Abundant Elements', 'low-cost metals', 'non-precious']}
prompt : You are a structured information extraction AI specialized in materials science.

TASK: Extract information for the ontology layer: "Element".

ONTOLOGY LAYER (categories → sample keywords):
{
  "Iron": [
    "Fe2+",
    "Fe3+",
    "Iron",
    "Fe",
    "iron-based catalyst"
  ],
  "Nickel": [
    "Ni",
    "nickel foam",
    "Nickel",
    "nickel oxide"
  ],
  "Cobalt": [
    "cobalt-doped",
    "Co3O4",
    "Cobalt",
    "Co"
  ],
  "Transition Metals": [
    "first-row metals",
    "transition metal",
    "Transition Metals",
    "d-block metal"
  ],
  "Earth-Abundant Elements": [
    "earth abundant",
    "earth-abundant",
    "Earth-Abundant Elements",
    "low-cost metals",
    "non-precious"
  ]
}

TEXT TO ANALYZE:
Rational design of single atom catalyst is critical for efficient sustainable energy conversion. However, the atomic-level control of active sites is essential for electrocatalytic materials in alkaline electrolyte. Moreover, well-defined surface structures lead to in-depth understanding of catalytic mechanisms. Herein, we report a single-atomic-site ruthenium stabilized on defective nickel-iron layered double hydroxide nanosheets (Ru1/D-NiFe LDH). Under precise regulation of local coordination environments of catalytically active sites and the existence of the defects, Ru1/D-NiFe LDH delivers an ultralow overpotential of 18 mV at 10 mA cm−2 for hydrogen evolution reaction, surpassing the commercial Pt/C catalyst. Density functional theory calculations reveal that Ru1/D-NiFe LDH optimizes the adsorption energies of intermediates for hydrogen evolution reaction and promotes the O–O coupling at a Ru–O active site for oxygen evolution reaction. The Ru1/D-NiFe LDH as an ideal model reveals superior water splitting performance with potential for the development of promising water-alkali electrocatalysts. Rational design of single atom catalyst is critical for efficient sustainable energy conversion. Single-atomic-site ruthenium stabilized on defective nickel-iron layered double hydroxide nanosheets achieve superior HER and OER performance in alkaline media.

IMPORTANT ONTOLOGY CONSTRAINTS:
- Only extract relationships (triples/edges) that are valid according to the ontology's allowed domain and range for each relation.
- Use the canonical ontology URIs/types for all nodes and relations, as defined in the ontology.
- If a relationship is not permitted by the ontology (e.g., the source or target type is not allowed for a given relation), SKIP IT and do not include it in the output.
- Do NOT hallucinate or invent relationships that are not explicitly allowed by the ontology.

OUTPUT FORMAT (IMPORTANT):
- OUTPUT MUST BE PURE JSON (a JSON array). DO NOT include code fences, markdown, or any text outside the JSON.
- EACH ITEM must follow this exact schema:
    {
        "layer": "Element",
        "matched_category": "<one of the categories exactly as shown above>",
        "keyword": "<extracted keyword or phrase>",
        "meta_data": "<short supporting snippet from the text>"
    }
- Keep 1–25 items. Use lowercase for keywords where natural.
- If nothing matches, return [] (empty JSON array).

EXAMPLES (DO NOT ECHO; JUST FOLLOW THE FORMAT):
Example:
[
    {
        "layer": "Element",
        "matched_category": "<CategoryName>",
        "keyword": "iridium oxide",
        "meta_data": "… overpotential of 240 mV at 10 mA cm^-2 in acidic media …"
    }
]

NOW RETURN ONLY THE JSON ARRAY as a string. Do not include any characters such as ``` or json or any sort of code formatting.
xxxx
model_output : [
    {
        "layer": "Element",
        "matched_category": "Transition Metals",
        "keyword": "nickel-iron",
        "meta_data": "single-atomic-site ruthenium stabilized on defective nickel-iron layered double hydroxide nanosheets"
    },
    {
        "layer": "Element",
        "matched_category": "Earth-Abundant Elements",
        "keyword": "nickel-iron",
        "meta_data": "single-atomic-site ruthenium stabilized on defective nickel-iron layered double hydroxide nanosheets"
    }
]
results : [{'layer': 'Element', 'matched_category': 'Transition Metals', 'keyword': 'nickel-iron', 'meta_data': 'single-atomic-site ruthenium stabilized on defective nickel-iron layered double hydroxide nanosheets'}, {'layer': 'Element', 'matched_category': 'Earth-Abundant Elements', 'keyword': 'nickel-iron', 'meta_data': 'single-atomic-site ruthenium stabilized on defective nickel-iron layered double hydroxide nanosheets'}] for paper_id : ffc10bfa2fdce53e11054d1e45c47732cd39585e
results : [{'layer': 'Element', 'matched_category': 'Transition Metals', 'keyword': 'nickel-iron', 'meta_data': 'single-atomic-site ruthenium stabilized on defective nickel-iron layered double hydroxide nanosheets'}, {'layer': 'Element', 'matched_category': 'Earth-Abundant Elements', 'keyword': 'nickel-iron', 'meta_data': 'single-atomic-site ruthenium stabilized on defective nickel-iron layered double hydroxide nanosheets'}] for paper_id : ffc10bfa2fdce53e11054d1e45c47732cd39585e
  - Layer: Material abstract : Rational design of single atom catalyst is critical for efficient sustainable energy conversion. However, the atomic-level control of active sites is essential for electrocatalytic materials in alkaline electrolyte. Moreover, well-defined surface structures lead to in-depth understanding of catalytic mechanisms. Herein, we report a single-atomic-site ruthenium stabilized on defective nickel-iron layered double hydroxide nanosheets (Ru1/D-NiFe LDH). Under precise regulation of local coordination environments of catalytically active sites and the existence of the defects, Ru1/D-NiFe LDH delivers an ultralow overpotential of 18 mV at 10 mA cm−2 for hydrogen evolution reaction, surpassing the commercial Pt/C catalyst. Density functional theory calculations reveal that Ru1/D-NiFe LDH optimizes the adsorption energies of intermediates for hydrogen evolution reaction and promotes the O–O coupling at a Ru–O active site for oxygen evolution reaction. The Ru1/D-NiFe LDH as an ideal model reveals superior water splitting performance with potential for the development of promising water-alkali electrocatalysts. Rational design of single atom catalyst is critical for efficient sustainable energy conversion. Single-atomic-site ruthenium stabilized on defective nickel-iron layered double hydroxide nanosheets achieve superior HER and OER performance in alkaline media. categories : {'Metal Oxides': ['NiO', 'Metal Oxides', 'oxide layer', 'metal oxide', 'Fe2O3'], '2D Materials': ['nanosheets', 'graphene', 'MoS2', '2D Materials']}
prompt : You are a structured information extraction AI specialized in materials science.

TASK: Extract information for the ontology layer: "Material".

ONTOLOGY LAYER (categories → sample keywords):
{
  "Metal Oxides": [
    "NiO",
    "Metal Oxides",
    "oxide layer",
    "metal oxide",
    "Fe2O3"
  ],
  "2D Materials": [
    "nanosheets",
    "graphene",
    "MoS2",
    "2D Materials"
  ]
}

TEXT TO ANALYZE:
Rational design of single atom catalyst is critical for efficient sustainable energy conversion. However, the atomic-level control of active sites is essential for electrocatalytic materials in alkaline electrolyte. Moreover, well-defined surface structures lead to in-depth understanding of catalytic mechanisms. Herein, we report a single-atomic-site ruthenium stabilized on defective nickel-iron layered double hydroxide nanosheets (Ru1/D-NiFe LDH). Under precise regulation of local coordination environments of catalytically active sites and the existence of the defects, Ru1/D-NiFe LDH delivers an ultralow overpotential of 18 mV at 10 mA cm−2 for hydrogen evolution reaction, surpassing the commercial Pt/C catalyst. Density functional theory calculations reveal that Ru1/D-NiFe LDH optimizes the adsorption energies of intermediates for hydrogen evolution reaction and promotes the O–O coupling at a Ru–O active site for oxygen evolution reaction. The Ru1/D-NiFe LDH as an ideal model reveals superior water splitting performance with potential for the development of promising water-alkali electrocatalysts. Rational design of single atom catalyst is critical for efficient sustainable energy conversion. Single-atomic-site ruthenium stabilized on defective nickel-iron layered double hydroxide nanosheets achieve superior HER and OER performance in alkaline media.

IMPORTANT ONTOLOGY CONSTRAINTS:
- Only extract relationships (triples/edges) that are valid according to the ontology's allowed domain and range for each relation.
- Use the canonical ontology URIs/types for all nodes and relations, as defined in the ontology.
- If a relationship is not permitted by the ontology (e.g., the source or target type is not allowed for a given relation), SKIP IT and do not include it in the output.
- Do NOT hallucinate or invent relationships that are not explicitly allowed by the ontology.

OUTPUT FORMAT (IMPORTANT):
- OUTPUT MUST BE PURE JSON (a JSON array). DO NOT include code fences, markdown, or any text outside the JSON.
- EACH ITEM must follow this exact schema:
    {
        "layer": "Material",
        "matched_category": "<one of the categories exactly as shown above>",
        "keyword": "<extracted keyword or phrase>",
        "meta_data": "<short supporting snippet from the text>"
    }
- Keep 1–25 items. Use lowercase for keywords where natural.
- If nothing matches, return [] (empty JSON array).

EXAMPLES (DO NOT ECHO; JUST FOLLOW THE FORMAT):
Example:
[
    {
        "layer": "Material",
        "matched_category": "<CategoryName>",
        "keyword": "iridium oxide",
        "meta_data": "… overpotential of 240 mV at 10 mA cm^-2 in acidic media …"
    }
]

NOW RETURN ONLY THE JSON ARRAY as a string. Do not include any characters such as ``` or json or any sort of code formatting.
xxxx
model_output : [
{
"layer": "Material",
"matched_category": "Metal Oxides",
"keyword": "nickel-iron layered double hydroxide",
"meta_data": "…stabilized on defective nickel-iron layered double hydroxide nanosheets (Ru1/D-NiFe LDH)…"
},
{
"layer": "Material",
"matched_category": "2D Materials",
"keyword": "nanosheets",
"meta_data": "…single-atomic-site ruthenium stabilized on defective nickel-iron layered double hydroxide nanosheets (Ru1/D-NiFe LDH)…"
}
]
results : [{'layer': 'Material', 'matched_category': 'Metal Oxides', 'keyword': 'nickel-iron layered double hydroxide', 'meta_data': '…stabilized on defective nickel-iron layered double hydroxide nanosheets (Ru1/D-NiFe LDH)…'}, {'layer': 'Material', 'matched_category': '2D Materials', 'keyword': 'nanosheets', 'meta_data': '…single-atomic-site ruthenium stabilized on defective nickel-iron layered double hydroxide nanosheets (Ru1/D-NiFe LDH)…'}] for paper_id : ffc10bfa2fdce53e11054d1e45c47732cd39585e
results : [{'layer': 'Material', 'matched_category': 'Metal Oxides', 'keyword': 'nickel-iron layered double hydroxide', 'meta_data': '…stabilized on defective nickel-iron layered double hydroxide nanosheets (Ru1/D-NiFe LDH)…'}, {'layer': 'Material', 'matched_category': '2D Materials', 'keyword': 'nanosheets', 'meta_data': '…single-atomic-site ruthenium stabilized on defective nickel-iron layered double hydroxide nanosheets (Ru1/D-NiFe LDH)…'}] for paper_id : ffc10bfa2fdce53e11054d1e45c47732cd39585e
  - Layer: PerformanceMetric abstract : Rational design of single atom catalyst is critical for efficient sustainable energy conversion. However, the atomic-level control of active sites is essential for electrocatalytic materials in alkaline electrolyte. Moreover, well-defined surface structures lead to in-depth understanding of catalytic mechanisms. Herein, we report a single-atomic-site ruthenium stabilized on defective nickel-iron layered double hydroxide nanosheets (Ru1/D-NiFe LDH). Under precise regulation of local coordination environments of catalytically active sites and the existence of the defects, Ru1/D-NiFe LDH delivers an ultralow overpotential of 18 mV at 10 mA cm−2 for hydrogen evolution reaction, surpassing the commercial Pt/C catalyst. Density functional theory calculations reveal that Ru1/D-NiFe LDH optimizes the adsorption energies of intermediates for hydrogen evolution reaction and promotes the O–O coupling at a Ru–O active site for oxygen evolution reaction. The Ru1/D-NiFe LDH as an ideal model reveals superior water splitting performance with potential for the development of promising water-alkali electrocatalysts. Rational design of single atom catalyst is critical for efficient sustainable energy conversion. Single-atomic-site ruthenium stabilized on defective nickel-iron layered double hydroxide nanosheets achieve superior HER and OER performance in alkaline media. categories : {'Overpotential': ['potential above thermodynamic', 'Overpotential', 'overpotential of', 'η = '], 'Tafel Slope': ['mV dec⁻¹', 'Tafel plot', 'Tafel slope', 'Tafel Slope'], 'Exchange Current Density': ['Exchange Current Density', 'j0', 'baseline current', 'exchange current density']}
prompt : You are a structured information extraction AI specialized in materials science.

TASK: Extract information for the ontology layer: "PerformanceMetric".

ONTOLOGY LAYER (categories → sample keywords):
{
  "Overpotential": [
    "potential above thermodynamic",
    "Overpotential",
    "overpotential of",
    "η = "
  ],
  "Tafel Slope": [
    "mV dec⁻¹",
    "Tafel plot",
    "Tafel slope",
    "Tafel Slope"
  ],
  "Exchange Current Density": [
    "Exchange Current Density",
    "j0",
    "baseline current",
    "exchange current density"
  ]
}

TEXT TO ANALYZE:
Rational design of single atom catalyst is critical for efficient sustainable energy conversion. However, the atomic-level control of active sites is essential for electrocatalytic materials in alkaline electrolyte. Moreover, well-defined surface structures lead to in-depth understanding of catalytic mechanisms. Herein, we report a single-atomic-site ruthenium stabilized on defective nickel-iron layered double hydroxide nanosheets (Ru1/D-NiFe LDH). Under precise regulation of local coordination environments of catalytically active sites and the existence of the defects, Ru1/D-NiFe LDH delivers an ultralow overpotential of 18 mV at 10 mA cm−2 for hydrogen evolution reaction, surpassing the commercial Pt/C catalyst. Density functional theory calculations reveal that Ru1/D-NiFe LDH optimizes the adsorption energies of intermediates for hydrogen evolution reaction and promotes the O–O coupling at a Ru–O active site for oxygen evolution reaction. The Ru1/D-NiFe LDH as an ideal model reveals superior water splitting performance with potential for the development of promising water-alkali electrocatalysts. Rational design of single atom catalyst is critical for efficient sustainable energy conversion. Single-atomic-site ruthenium stabilized on defective nickel-iron layered double hydroxide nanosheets achieve superior HER and OER performance in alkaline media.

IMPORTANT ONTOLOGY CONSTRAINTS:
- Only extract relationships (triples/edges) that are valid according to the ontology's allowed domain and range for each relation.
- Use the canonical ontology URIs/types for all nodes and relations, as defined in the ontology.
- If a relationship is not permitted by the ontology (e.g., the source or target type is not allowed for a given relation), SKIP IT and do not include it in the output.
- Do NOT hallucinate or invent relationships that are not explicitly allowed by the ontology.

OUTPUT FORMAT (IMPORTANT):
- OUTPUT MUST BE PURE JSON (a JSON array). DO NOT include code fences, markdown, or any text outside the JSON.
- EACH ITEM must follow this exact schema:
    {
        "layer": "PerformanceMetric",
        "matched_category": "<one of the categories exactly as shown above>",
        "keyword": "<extracted keyword or phrase>",
        "meta_data": "<short supporting snippet from the text>"
    }
- Keep 1–25 items. Use lowercase for keywords where natural.
- If nothing matches, return [] (empty JSON array).

EXAMPLES (DO NOT ECHO; JUST FOLLOW THE FORMAT):
Example:
[
    {
        "layer": "PerformanceMetric",
        "matched_category": "<CategoryName>",
        "keyword": "iridium oxide",
        "meta_data": "… overpotential of 240 mV at 10 mA cm^-2 in acidic media …"
    }
]

NOW RETURN ONLY THE JSON ARRAY as a string. Do not include any characters such as ``` or json or any sort of code formatting.
xxxx
model_output : [
    {
        "layer": "PerformanceMetric",
        "matched_category": "Overpotential",
        "keyword": "18 mV",
        "meta_data": "… ultralow overpotential of 18 mV at 10 mA cm−2 for hydrogen evolution reaction …"
    },
    {
        "layer": "PerformanceMetric",
        "matched_category": "Tafel Slope",
        "keyword": "none (not mentioned in the text)",
        "meta_data": ""
    }
]
results : [{'layer': 'PerformanceMetric', 'matched_category': 'Overpotential', 'keyword': '18 mV', 'meta_data': '… ultralow overpotential of 18\u2009mV at 10\u2009mA\u2009cm−2 for hydrogen evolution reaction …'}, {'layer': 'PerformanceMetric', 'matched_category': 'Tafel Slope', 'keyword': 'none (not mentioned in the text)', 'meta_data': ''}] for paper_id : ffc10bfa2fdce53e11054d1e45c47732cd39585e
results : [{'layer': 'PerformanceMetric', 'matched_category': 'Overpotential', 'keyword': '18 mV', 'meta_data': '… ultralow overpotential of 18\u2009mV at 10\u2009mA\u2009cm−2 for hydrogen evolution reaction …'}, {'layer': 'PerformanceMetric', 'matched_category': 'Tafel Slope', 'keyword': 'none (not mentioned in the text)', 'meta_data': ''}] for paper_id : ffc10bfa2fdce53e11054d1e45c47732cd39585e
  - Layer: Application abstract : Rational design of single atom catalyst is critical for efficient sustainable energy conversion. However, the atomic-level control of active sites is essential for electrocatalytic materials in alkaline electrolyte. Moreover, well-defined surface structures lead to in-depth understanding of catalytic mechanisms. Herein, we report a single-atomic-site ruthenium stabilized on defective nickel-iron layered double hydroxide nanosheets (Ru1/D-NiFe LDH). Under precise regulation of local coordination environments of catalytically active sites and the existence of the defects, Ru1/D-NiFe LDH delivers an ultralow overpotential of 18 mV at 10 mA cm−2 for hydrogen evolution reaction, surpassing the commercial Pt/C catalyst. Density functional theory calculations reveal that Ru1/D-NiFe LDH optimizes the adsorption energies of intermediates for hydrogen evolution reaction and promotes the O–O coupling at a Ru–O active site for oxygen evolution reaction. The Ru1/D-NiFe LDH as an ideal model reveals superior water splitting performance with potential for the development of promising water-alkali electrocatalysts. Rational design of single atom catalyst is critical for efficient sustainable energy conversion. Single-atomic-site ruthenium stabilized on defective nickel-iron layered double hydroxide nanosheets achieve superior HER and OER performance in alkaline media. categories : {'Green Hydrogen Economy': ['green hydrogen', 'renewable hydrogen', 'Green Hydrogen Economy', 'H2 economy']}
prompt : You are a structured information extraction AI specialized in materials science.

TASK: Extract information for the ontology layer: "Application".

ONTOLOGY LAYER (categories → sample keywords):
{
  "Green Hydrogen Economy": [
    "green hydrogen",
    "renewable hydrogen",
    "Green Hydrogen Economy",
    "H2 economy"
  ]
}

TEXT TO ANALYZE:
Rational design of single atom catalyst is critical for efficient sustainable energy conversion. However, the atomic-level control of active sites is essential for electrocatalytic materials in alkaline electrolyte. Moreover, well-defined surface structures lead to in-depth understanding of catalytic mechanisms. Herein, we report a single-atomic-site ruthenium stabilized on defective nickel-iron layered double hydroxide nanosheets (Ru1/D-NiFe LDH). Under precise regulation of local coordination environments of catalytically active sites and the existence of the defects, Ru1/D-NiFe LDH delivers an ultralow overpotential of 18 mV at 10 mA cm−2 for hydrogen evolution reaction, surpassing the commercial Pt/C catalyst. Density functional theory calculations reveal that Ru1/D-NiFe LDH optimizes the adsorption energies of intermediates for hydrogen evolution reaction and promotes the O–O coupling at a Ru–O active site for oxygen evolution reaction. The Ru1/D-NiFe LDH as an ideal model reveals superior water splitting performance with potential for the development of promising water-alkali electrocatalysts. Rational design of single atom catalyst is critical for efficient sustainable energy conversion. Single-atomic-site ruthenium stabilized on defective nickel-iron layered double hydroxide nanosheets achieve superior HER and OER performance in alkaline media.

IMPORTANT ONTOLOGY CONSTRAINTS:
- Only extract relationships (triples/edges) that are valid according to the ontology's allowed domain and range for each relation.
- Use the canonical ontology URIs/types for all nodes and relations, as defined in the ontology.
- If a relationship is not permitted by the ontology (e.g., the source or target type is not allowed for a given relation), SKIP IT and do not include it in the output.
- Do NOT hallucinate or invent relationships that are not explicitly allowed by the ontology.

OUTPUT FORMAT (IMPORTANT):
- OUTPUT MUST BE PURE JSON (a JSON array). DO NOT include code fences, markdown, or any text outside the JSON.
- EACH ITEM must follow this exact schema:
    {
        "layer": "Application",
        "matched_category": "<one of the categories exactly as shown above>",
        "keyword": "<extracted keyword or phrase>",
        "meta_data": "<short supporting snippet from the text>"
    }
- Keep 1–25 items. Use lowercase for keywords where natural.
- If nothing matches, return [] (empty JSON array).

EXAMPLES (DO NOT ECHO; JUST FOLLOW THE FORMAT):
Example:
[
    {
        "layer": "Application",
        "matched_category": "<CategoryName>",
        "keyword": "iridium oxide",
        "meta_data": "… overpotential of 240 mV at 10 mA cm^-2 in acidic media …"
    }
]

NOW RETURN ONLY THE JSON ARRAY as a string. Do not include any characters such as ``` or json or any sort of code formatting.
xxxx
model_output : [
{
"layer": "Application",
"matched_category": "Green Hydrogen Economy",
"keyword": "green hydrogen",
"meta_data": "… for efficient sustainable energy conversion"
},
{
"layer": "Application",
"matched_category": "Green Hydrogen Economy",
"keyword": "renewable hydrogen",
"meta_data": "… for efficient sustainable energy conversion"
}
]
results : [{'layer': 'Application', 'matched_category': 'Green Hydrogen Economy', 'keyword': 'green hydrogen', 'meta_data': '… for efficient sustainable energy conversion'}, {'layer': 'Application', 'matched_category': 'Green Hydrogen Economy', 'keyword': 'renewable hydrogen', 'meta_data': '… for efficient sustainable energy conversion'}] for paper_id : ffc10bfa2fdce53e11054d1e45c47732cd39585e
results : [{'layer': 'Application', 'matched_category': 'Green Hydrogen Economy', 'keyword': 'green hydrogen', 'meta_data': '… for efficient sustainable energy conversion'}, {'layer': 'Application', 'matched_category': 'Green Hydrogen Economy', 'keyword': 'renewable hydrogen', 'meta_data': '… for efficient sustainable energy conversion'}] for paper_id : ffc10bfa2fdce53e11054d1e45c47732cd39585e
title_map : {'642ecf0ac36b743f93f86ddf6053486626e945df': 'Vanadium-Doped Heterogeneous Bimetallic Phosphides Derived from Layered Double Hydroxides for Saline Water Splitting.', '9f1eb177e685bd3596719d14bf5c2efaa7a0bd07': 'Hierarchical NiFe layered double hydroxides: a bifunctional electrocatalyst for overall water splitting', 'ffc10bfa2fdce53e11054d1e45c47732cd39585e': 'Engineering single-atomic ruthenium catalytic sites on defective nickel-iron layered double hydroxide for overall water splitting'}
abstract_map : {'642ecf0ac36b743f93f86ddf6053486626e945df': 'The development of energy- and time-saving synthetic methods to prepare bifunctional and high stability catalysts are vital for overall water splitting. Here, V-doped nickel-iron hydroxide precursor by etching NiFe foam (NFF) at room temperature with dual chloride solution ("NaCl-VCl3"), is obtained then phosphating to obtain V-Ni2P-FeP/NFF as efficient bifunctional (oxygen/hydrogen exchange reaction, OER/HER) electrocatalysts, denoted as NFF(V, Na)-P. The NFF(V, Na)-P requires only 185 and 117 mV overpotentials to reach 10 mA cm-2 for OER and HER. When used as a catalyst for water splitting in a full cell, it can be stably sustained for more than 1000 h in alkaline brine electrolysis at both current densities of 100 and 500 mA cm-2. In situ Raman analyses and density functional theory (DFT) show that the V-doping-induced surface remodeling generates hydroxyl oxides as the true catalytic active centers, which not only enhances the reaction kinetics, but also reduces the free energy change in the rate-determining step. This work provides a cost-effective substrate self-derivation method to convert commercial NFF into a powerful catalyst for electrolytic brine, offering a unique route to the development of efficient electrocatalysts for saline water splitting.', '9f1eb177e685bd3596719d14bf5c2efaa7a0bd07': 'Electrocatalytic hydrogen production from water is limited by sluggish kinetics and requires a highly overpotential of anodic oxygen evolution reaction (OER) and cathodic hydrogen evolution reaction (HER). NiFe double hydroxides (NiFe-LDH) bifunctional group catalyst is applied to OER/HER under alkaline conditions. The good chemical contact between LDH nanosheets grown in situ (NiFe-LDH) on nickel foam (NF) and nickel foam substrate improves the electrons and ions transportation in the reaction process, which is beneficial to promote the OER/HER. The results show only 464.6/219.4 mV overpotential (vs reversible hydrogen electrode (RHE)) at 100/10 mA cm−2 for OER/HER, respectively. The stability of D0 (stands for NiFe-LDH/NF) was measured at 10 mA cm−2 worked continuously for 24 h, and it is found that D0 exhibits excellent stable catalytic performance. This work opens up a simple way to design and prepare the efficient, low-cost, and easily synthetic earth-rich electrocatalysts.', 'ffc10bfa2fdce53e11054d1e45c47732cd39585e': 'Rational design of single atom catalyst is critical for efficient sustainable energy conversion. However, the atomic-level control of active sites is essential for electrocatalytic materials in alkaline electrolyte. Moreover, well-defined surface structures lead to in-depth understanding of catalytic mechanisms. Herein, we report a single-atomic-site ruthenium stabilized on defective nickel-iron layered double hydroxide nanosheets (Ru1/D-NiFe LDH). Under precise regulation of local coordination environments of catalytically active sites and the existence of the defects, Ru1/D-NiFe LDH delivers an ultralow overpotential of 18\u2009mV at 10\u2009mA\u2009cm−2 for hydrogen evolution reaction, surpassing the commercial Pt/C catalyst. Density functional theory calculations reveal that Ru1/D-NiFe LDH optimizes the adsorption energies of intermediates for hydrogen evolution reaction and promotes the O–O coupling at a Ru–O active site for oxygen evolution reaction. The Ru1/D-NiFe LDH as an ideal model reveals superior water splitting performance with potential for the development of promising water-alkali electrocatalysts. Rational design of single atom catalyst is critical for efficient sustainable energy conversion. Single-atomic-site ruthenium stabilized on defective nickel-iron layered double hydroxide nanosheets achieve superior HER and OER performance in alkaline media.'}
item 642ecf0ac36b743f93f86ddf6053486626e945df
item 9f1eb177e685bd3596719d14bf5c2efaa7a0bd07
item ffc10bfa2fdce53e11054d1e45c47732cd39585e
item ffc10bfa2fdce53e11054d1e45c47732cd39585e
item 642ecf0ac36b743f93f86ddf6053486626e945df
item 642ecf0ac36b743f93f86ddf6053486626e945df
item 9f1eb177e685bd3596719d14bf5c2efaa7a0bd07
item 642ecf0ac36b743f93f86ddf6053486626e945df
item 9f1eb177e685bd3596719d14bf5c2efaa7a0bd07
item ffc10bfa2fdce53e11054d1e45c47732cd39585e
item ffc10bfa2fdce53e11054d1e45c47732cd39585e
item 642ecf0ac36b743f93f86ddf6053486626e945df
item ffc10bfa2fdce53e11054d1e45c47732cd39585e
item 642ecf0ac36b743f93f86ddf6053486626e945df
item ffc10bfa2fdce53e11054d1e45c47732cd39585e
item 9f1eb177e685bd3596719d14bf5c2efaa7a0bd07
item ffc10bfa2fdce53e11054d1e45c47732cd39585e
item 642ecf0ac36b743f93f86ddf6053486626e945df
item 9f1eb177e685bd3596719d14bf5c2efaa7a0bd07
item ffc10bfa2fdce53e11054d1e45c47732cd39585e
item 642ecf0ac36b743f93f86ddf6053486626e945df
item 642ecf0ac36b743f93f86ddf6053486626e945df
item 9f1eb177e685bd3596719d14bf5c2efaa7a0bd07
item 9f1eb177e685bd3596719d14bf5c2efaa7a0bd07
item 642ecf0ac36b743f93f86ddf6053486626e945df
item 9f1eb177e685bd3596719d14bf5c2efaa7a0bd07
item 9f1eb177e685bd3596719d14bf5c2efaa7a0bd07
item ffc10bfa2fdce53e11054d1e45c47732cd39585e
item ffc10bfa2fdce53e11054d1e45c47732cd39585e
item 642ecf0ac36b743f93f86ddf6053486626e945df
item 9f1eb177e685bd3596719d14bf5c2efaa7a0bd07
item ffc10bfa2fdce53e11054d1e45c47732cd39585e
item 642ecf0ac36b743f93f86ddf6053486626e945df
item 9f1eb177e685bd3596719d14bf5c2efaa7a0bd07
item 9f1eb177e685bd3596719d14bf5c2efaa7a0bd07
item ffc10bfa2fdce53e11054d1e45c47732cd39585e
item 642ecf0ac36b743f93f86ddf6053486626e945df
item ffc10bfa2fdce53e11054d1e45c47732cd39585e
item 642ecf0ac36b743f93f86ddf6053486626e945df
item 9f1eb177e685bd3596719d14bf5c2efaa7a0bd07
item 642ecf0ac36b743f93f86ddf6053486626e945df
item 9f1eb177e685bd3596719d14bf5c2efaa7a0bd07
item ffc10bfa2fdce53e11054d1e45c47732cd39585e
item 642ecf0ac36b743f93f86ddf6053486626e945df
item 642ecf0ac36b743f93f86ddf6053486626e945df
item 642ecf0ac36b743f93f86ddf6053486626e945df
item 9f1eb177e685bd3596719d14bf5c2efaa7a0bd07
item 9f1eb177e685bd3596719d14bf5c2efaa7a0bd07
item ffc10bfa2fdce53e11054d1e45c47732cd39585e
item 642ecf0ac36b743f93f86ddf6053486626e945df
item ffc10bfa2fdce53e11054d1e45c47732cd39585e
item 642ecf0ac36b743f93f86ddf6053486626e945df
item 642ecf0ac36b743f93f86ddf6053486626e945df
item 9f1eb177e685bd3596719d14bf5c2efaa7a0bd07
item 9f1eb177e685bd3596719d14bf5c2efaa7a0bd07
item ffc10bfa2fdce53e11054d1e45c47732cd39585e
item ffc10bfa2fdce53e11054d1e45c47732cd39585e
item 642ecf0ac36b743f93f86ddf6053486626e945df
item 642ecf0ac36b743f93f86ddf6053486626e945df
item 642ecf0ac36b743f93f86ddf6053486626e945df
item 9f1eb177e685bd3596719d14bf5c2efaa7a0bd07
item ffc10bfa2fdce53e11054d1e45c47732cd39585e
item ffc10bfa2fdce53e11054d1e45c47732cd39585e
print ranked path :                                    paper_id  ... citation_count
0  642ecf0ac36b743f93f86ddf6053486626e945df  ...              5
1  9f1eb177e685bd3596719d14bf5c2efaa7a0bd07  ...              0
2  ffc10bfa2fdce53e11054d1e45c47732cd39585e  ...            513

[3 rows x 10 columns]
ranked_path_files : {'static_high': 'external/output/shared_ranked_by_pairs_then_mentions_static_high.csv', 'dynamic_high': 'external/output/shared_ranked_by_pairs_then_mentions_dynamic_high.csv', 'dynamic_unknown': 'external/output/shared_ranked_by_pairs_then_mentions_dynamic_unknown.csv', 'hrm_high': 'external/output/shared_ranked_by_pairs_then_mentions_hrm_high.csv'}
None
Processing layer: owl:ObjectProperty with categories: {'emmo-electro:hasDopant': [{'keywords': ['v-doped'], 'meta_data': '… V-doping-induced surface remodeling generates hydroxyl oxides as the true catalytic active centers …', 'paper_id': '642ecf0ac36b743f93f86ddf6053486626e945df', 'parsed_meta': []}, {'keywords': ['nickel foam'], 'meta_data': 'NiFe-LDH) on nickel foam (NF) and nickel foam substrate improves the electrons and ions transportation in the reaction process,', 'paper_id': '9f1eb177e685bd3596719d14bf5c2efaa7a0bd07', 'parsed_meta': []}, {'keywords': ['nickel-iron layered double hydroxide'], 'meta_data': 'Single-atomic-site ruthenium stabilized on defective nickel-iron layered double hydroxide nanosheets achieve superior HER and OER performance in alkaline media.', 'paper_id': 'ffc10bfa2fdce53e11054d1e45c47732cd39585e', 'parsed_meta': []}, {'keywords': ['ruthenium'], 'meta_data': 'Single-atomic-site ruthenium stabilized on defective nickel-iron layered double hydroxide nanosheets achieve superior HER and OER performance in alkaline media.', 'paper_id': 'ffc10bfa2fdce53e11054d1e45c47732cd39585e', 'parsed_meta': []}], 'emmo-electro:hasMetric': [{'keywords': ['overpotentials'], 'meta_data': '… requires only 185 and 117 mV overpotentials to reach 10 mA cm-2 for OER and HER …', 'paper_id': '642ecf0ac36b743f93f86ddf6053486626e945df', 'parsed_meta': [{'value': 185.0, 'unit': 'and'}, {'value': 117.0, 'unit': 'mV'}, {'value': 10.0, 'unit': 'mA'}, {'value': -2.0, 'unit': 'for'}], 'overpotential': {'value': -2.0, 'unit': 'for'}}, {'keywords': ['mV'], 'meta_data': '… overpotential of 185 mV at 10 mA cm-2 for OER and HER …', 'paper_id': '642ecf0ac36b743f93f86ddf6053486626e945df', 'parsed_meta': [{'value': 185.0, 'unit': 'mV'}, {'value': 10.0, 'unit': 'mA'}, {'value': -2.0, 'unit': 'for'}], 'overpotential': {'value': -2.0, 'unit': 'for'}}, {'keywords': ['overpotential'], 'meta_data': 'The results show only 464.6/219.4 mV overpotential (vs reversible hydrogen electrode (RHE)) at 100/10 mA cm−2 for OER/HER, respectively.', 'paper_id': '9f1eb177e685bd3596719d14bf5c2efaa7a0bd07', 'parsed_meta': [{'value': 464.6, 'unit': '/'}, {'value': 219.4, 'unit': 'mV'}, {'value': 100.0, 'unit': '/'}, {'value': 10.0, 'unit': 'mA'}, {'value': -2.0, 'unit': 'for'}], 'overpotential': {'value': -2.0, 'unit': 'for'}}], 'emmo-electro:occursIn': [{'keywords': ['electrocatalysts'], 'meta_data': '… NFF(V, Na)-P as efficient bifunctional (oxygen/hydrogen exchange reaction, OER/HER) electrocatalysts …', 'paper_id': '642ecf0ac36b743f93f86ddf6053486626e945df', 'parsed_meta': []}], 'emmo-electro:catalyzes': [{'keywords': ['bifunctional group catalyst'], 'meta_data': 'NiFe double hydroxides (NiFe-LDH) bifunctional group catalyst is applied to OER/HER under alkaline conditions.', 'paper_id': '9f1eb177e685bd3596719d14bf5c2efaa7a0bd07', 'parsed_meta': []}, {'keywords': ['hydrogen evolution reaction'], 'meta_data': 'Under precise regulation of local coordination environments of catalytically active sites and the existence of the defects, Ru1/D-NiFe LDH delivers an ultralow overpotential of 18 mV at 10 mA cm^-2 for hydrogen evolution reaction, surpassing the commercial Pt/C catalyst.', 'paper_id': 'ffc10bfa2fdce53e11054d1e45c47732cd39585e', 'parsed_meta': [{'value': 1.0, 'unit': '/D-NiFe'}, {'value': 18.0, 'unit': 'mV'}, {'value': 10.0, 'unit': 'mA'}, {'value': -2.0, 'unit': 'for'}], 'overpotential': {'value': -2.0, 'unit': 'for'}}, {'keywords': ['oxygen evolution reaction'], 'meta_data': 'Density functional theory calculations reveal that Ru1/D-NiFe LDH optimizes the adsorption energies of intermediates for hydrogen evolution reaction and promotes the O–O coupling at a Ru–O active site for oxygen evolution reaction.', 'paper_id': 'ffc10bfa2fdce53e11054d1e45c47732cd39585e', 'parsed_meta': [{'value': 1.0, 'unit': '/D-NiFe'}]}]}
item: {'keywords': ['v-doped'], 'meta_data': '… V-doping-induced surface remodeling generates hydroxyl oxides as the true catalytic active centers …', 'paper_id': '642ecf0ac36b743f93f86ddf6053486626e945df', 'parsed_meta': []}
Processing paper_id: 642ecf0ac36b743f93f86ddf6053486626e945df, title: Vanadium-Doped Heterogeneous Bimetallic Phosphides Derived from Layered Double Hydroxides for Saline Water Splitting.
paper_titles : {'642ecf0ac36b743f93f86ddf6053486626e945df': 'Vanadium-Doped Heterogeneous Bimetallic Phosphides Derived from Layered Double Hydroxides for Saline Water Splitting.'}
item: {'keywords': ['nickel foam'], 'meta_data': 'NiFe-LDH) on nickel foam (NF) and nickel foam substrate improves the electrons and ions transportation in the reaction process,', 'paper_id': '9f1eb177e685bd3596719d14bf5c2efaa7a0bd07', 'parsed_meta': []}
Processing paper_id: 9f1eb177e685bd3596719d14bf5c2efaa7a0bd07, title: Hierarchical NiFe layered double hydroxides: a bifunctional electrocatalyst for overall water splitting
paper_titles : {'642ecf0ac36b743f93f86ddf6053486626e945df': 'Vanadium-Doped Heterogeneous Bimetallic Phosphides Derived from Layered Double Hydroxides for Saline Water Splitting.', '9f1eb177e685bd3596719d14bf5c2efaa7a0bd07': 'Hierarchical NiFe layered double hydroxides: a bifunctional electrocatalyst for overall water splitting'}
item: {'keywords': ['nickel-iron layered double hydroxide'], 'meta_data': 'Single-atomic-site ruthenium stabilized on defective nickel-iron layered double hydroxide nanosheets achieve superior HER and OER performance in alkaline media.', 'paper_id': 'ffc10bfa2fdce53e11054d1e45c47732cd39585e', 'parsed_meta': []}
Processing paper_id: ffc10bfa2fdce53e11054d1e45c47732cd39585e, title: Engineering single-atomic ruthenium catalytic sites on defective nickel-iron layered double hydroxide for overall water splitting
paper_titles : {'642ecf0ac36b743f93f86ddf6053486626e945df': 'Vanadium-Doped Heterogeneous Bimetallic Phosphides Derived from Layered Double Hydroxides for Saline Water Splitting.', '9f1eb177e685bd3596719d14bf5c2efaa7a0bd07': 'Hierarchical NiFe layered double hydroxides: a bifunctional electrocatalyst for overall water splitting', 'ffc10bfa2fdce53e11054d1e45c47732cd39585e': 'Engineering single-atomic ruthenium catalytic sites on defective nickel-iron layered double hydroxide for overall water splitting'}
item: {'keywords': ['ruthenium'], 'meta_data': 'Single-atomic-site ruthenium stabilized on defective nickel-iron layered double hydroxide nanosheets achieve superior HER and OER performance in alkaline media.', 'paper_id': 'ffc10bfa2fdce53e11054d1e45c47732cd39585e', 'parsed_meta': []}
Processing paper_id: ffc10bfa2fdce53e11054d1e45c47732cd39585e, title: Engineering single-atomic ruthenium catalytic sites on defective nickel-iron layered double hydroxide for overall water splitting
paper_titles : {'642ecf0ac36b743f93f86ddf6053486626e945df': 'Vanadium-Doped Heterogeneous Bimetallic Phosphides Derived from Layered Double Hydroxides for Saline Water Splitting.', '9f1eb177e685bd3596719d14bf5c2efaa7a0bd07': 'Hierarchical NiFe layered double hydroxides: a bifunctional electrocatalyst for overall water splitting', 'ffc10bfa2fdce53e11054d1e45c47732cd39585e': 'Engineering single-atomic ruthenium catalytic sites on defective nickel-iron layered double hydroxide for overall water splitting'}
item: {'keywords': ['overpotentials'], 'meta_data': '… requires only 185 and 117 mV overpotentials to reach 10 mA cm-2 for OER and HER …', 'paper_id': '642ecf0ac36b743f93f86ddf6053486626e945df', 'parsed_meta': [{'value': 185.0, 'unit': 'and'}, {'value': 117.0, 'unit': 'mV'}, {'value': 10.0, 'unit': 'mA'}, {'value': -2.0, 'unit': 'for'}], 'overpotential': {'value': -2.0, 'unit': 'for'}}
Processing paper_id: 642ecf0ac36b743f93f86ddf6053486626e945df, title: Vanadium-Doped Heterogeneous Bimetallic Phosphides Derived from Layered Double Hydroxides for Saline Water Splitting.
paper_titles : {'642ecf0ac36b743f93f86ddf6053486626e945df': 'Vanadium-Doped Heterogeneous Bimetallic Phosphides Derived from Layered Double Hydroxides for Saline Water Splitting.', '9f1eb177e685bd3596719d14bf5c2efaa7a0bd07': 'Hierarchical NiFe layered double hydroxides: a bifunctional electrocatalyst for overall water splitting', 'ffc10bfa2fdce53e11054d1e45c47732cd39585e': 'Engineering single-atomic ruthenium catalytic sites on defective nickel-iron layered double hydroxide for overall water splitting'}
item: {'keywords': ['mV'], 'meta_data': '… overpotential of 185 mV at 10 mA cm-2 for OER and HER …', 'paper_id': '642ecf0ac36b743f93f86ddf6053486626e945df', 'parsed_meta': [{'value': 185.0, 'unit': 'mV'}, {'value': 10.0, 'unit': 'mA'}, {'value': -2.0, 'unit': 'for'}], 'overpotential': {'value': -2.0, 'unit': 'for'}}
Processing paper_id: 642ecf0ac36b743f93f86ddf6053486626e945df, title: Vanadium-Doped Heterogeneous Bimetallic Phosphides Derived from Layered Double Hydroxides for Saline Water Splitting.
paper_titles : {'642ecf0ac36b743f93f86ddf6053486626e945df': 'Vanadium-Doped Heterogeneous Bimetallic Phosphides Derived from Layered Double Hydroxides for Saline Water Splitting.', '9f1eb177e685bd3596719d14bf5c2efaa7a0bd07': 'Hierarchical NiFe layered double hydroxides: a bifunctional electrocatalyst for overall water splitting', 'ffc10bfa2fdce53e11054d1e45c47732cd39585e': 'Engineering single-atomic ruthenium catalytic sites on defective nickel-iron layered double hydroxide for overall water splitting'}
item: {'keywords': ['overpotential'], 'meta_data': 'The results show only 464.6/219.4 mV overpotential (vs reversible hydrogen electrode (RHE)) at 100/10 mA cm−2 for OER/HER, respectively.', 'paper_id': '9f1eb177e685bd3596719d14bf5c2efaa7a0bd07', 'parsed_meta': [{'value': 464.6, 'unit': '/'}, {'value': 219.4, 'unit': 'mV'}, {'value': 100.0, 'unit': '/'}, {'value': 10.0, 'unit': 'mA'}, {'value': -2.0, 'unit': 'for'}], 'overpotential': {'value': -2.0, 'unit': 'for'}}
Processing paper_id: 9f1eb177e685bd3596719d14bf5c2efaa7a0bd07, title: Hierarchical NiFe layered double hydroxides: a bifunctional electrocatalyst for overall water splitting
paper_titles : {'642ecf0ac36b743f93f86ddf6053486626e945df': 'Vanadium-Doped Heterogeneous Bimetallic Phosphides Derived from Layered Double Hydroxides for Saline Water Splitting.', '9f1eb177e685bd3596719d14bf5c2efaa7a0bd07': 'Hierarchical NiFe layered double hydroxides: a bifunctional electrocatalyst for overall water splitting', 'ffc10bfa2fdce53e11054d1e45c47732cd39585e': 'Engineering single-atomic ruthenium catalytic sites on defective nickel-iron layered double hydroxide for overall water splitting'}
item: {'keywords': ['electrocatalysts'], 'meta_data': '… NFF(V, Na)-P as efficient bifunctional (oxygen/hydrogen exchange reaction, OER/HER) electrocatalysts …', 'paper_id': '642ecf0ac36b743f93f86ddf6053486626e945df', 'parsed_meta': []}
Processing paper_id: 642ecf0ac36b743f93f86ddf6053486626e945df, title: Vanadium-Doped Heterogeneous Bimetallic Phosphides Derived from Layered Double Hydroxides for Saline Water Splitting.
paper_titles : {'642ecf0ac36b743f93f86ddf6053486626e945df': 'Vanadium-Doped Heterogeneous Bimetallic Phosphides Derived from Layered Double Hydroxides for Saline Water Splitting.', '9f1eb177e685bd3596719d14bf5c2efaa7a0bd07': 'Hierarchical NiFe layered double hydroxides: a bifunctional electrocatalyst for overall water splitting', 'ffc10bfa2fdce53e11054d1e45c47732cd39585e': 'Engineering single-atomic ruthenium catalytic sites on defective nickel-iron layered double hydroxide for overall water splitting'}
item: {'keywords': ['bifunctional group catalyst'], 'meta_data': 'NiFe double hydroxides (NiFe-LDH) bifunctional group catalyst is applied to OER/HER under alkaline conditions.', 'paper_id': '9f1eb177e685bd3596719d14bf5c2efaa7a0bd07', 'parsed_meta': []}
Processing paper_id: 9f1eb177e685bd3596719d14bf5c2efaa7a0bd07, title: Hierarchical NiFe layered double hydroxides: a bifunctional electrocatalyst for overall water splitting
paper_titles : {'642ecf0ac36b743f93f86ddf6053486626e945df': 'Vanadium-Doped Heterogeneous Bimetallic Phosphides Derived from Layered Double Hydroxides for Saline Water Splitting.', '9f1eb177e685bd3596719d14bf5c2efaa7a0bd07': 'Hierarchical NiFe layered double hydroxides: a bifunctional electrocatalyst for overall water splitting', 'ffc10bfa2fdce53e11054d1e45c47732cd39585e': 'Engineering single-atomic ruthenium catalytic sites on defective nickel-iron layered double hydroxide for overall water splitting'}
item: {'keywords': ['hydrogen evolution reaction'], 'meta_data': 'Under precise regulation of local coordination environments of catalytically active sites and the existence of the defects, Ru1/D-NiFe LDH delivers an ultralow overpotential of 18 mV at 10 mA cm^-2 for hydrogen evolution reaction, surpassing the commercial Pt/C catalyst.', 'paper_id': 'ffc10bfa2fdce53e11054d1e45c47732cd39585e', 'parsed_meta': [{'value': 1.0, 'unit': '/D-NiFe'}, {'value': 18.0, 'unit': 'mV'}, {'value': 10.0, 'unit': 'mA'}, {'value': -2.0, 'unit': 'for'}], 'overpotential': {'value': -2.0, 'unit': 'for'}}
Processing paper_id: ffc10bfa2fdce53e11054d1e45c47732cd39585e, title: Engineering single-atomic ruthenium catalytic sites on defective nickel-iron layered double hydroxide for overall water splitting
paper_titles : {'642ecf0ac36b743f93f86ddf6053486626e945df': 'Vanadium-Doped Heterogeneous Bimetallic Phosphides Derived from Layered Double Hydroxides for Saline Water Splitting.', '9f1eb177e685bd3596719d14bf5c2efaa7a0bd07': 'Hierarchical NiFe layered double hydroxides: a bifunctional electrocatalyst for overall water splitting', 'ffc10bfa2fdce53e11054d1e45c47732cd39585e': 'Engineering single-atomic ruthenium catalytic sites on defective nickel-iron layered double hydroxide for overall water splitting'}
item: {'keywords': ['oxygen evolution reaction'], 'meta_data': 'Density functional theory calculations reveal that Ru1/D-NiFe LDH optimizes the adsorption energies of intermediates for hydrogen evolution reaction and promotes the O–O coupling at a Ru–O active site for oxygen evolution reaction.', 'paper_id': 'ffc10bfa2fdce53e11054d1e45c47732cd39585e', 'parsed_meta': [{'value': 1.0, 'unit': '/D-NiFe'}]}
Processing paper_id: ffc10bfa2fdce53e11054d1e45c47732cd39585e, title: Engineering single-atomic ruthenium catalytic sites on defective nickel-iron layered double hydroxide for overall water splitting
paper_titles : {'642ecf0ac36b743f93f86ddf6053486626e945df': 'Vanadium-Doped Heterogeneous Bimetallic Phosphides Derived from Layered Double Hydroxides for Saline Water Splitting.', '9f1eb177e685bd3596719d14bf5c2efaa7a0bd07': 'Hierarchical NiFe layered double hydroxides: a bifunctional electrocatalyst for overall water splitting', 'ffc10bfa2fdce53e11054d1e45c47732cd39585e': 'Engineering single-atomic ruthenium catalytic sites on defective nickel-iron layered double hydroxide for overall water splitting'}
Processing layer: Device with categories: {'Proton Exchange Membrane Water Electrolyzer': [{'keywords': ['water splitting', 'PEM water electrolysis', 'acidic water electrolysis', 'proton exchange membrane electrolyzer', 'PEMWE', 'Proton Exchange Membrane Water Electrolyzer'], 'meta_data': '… overall water splitting …', 'paper_id': '642ecf0ac36b743f93f86ddf6053486626e945df', 'parsed_meta': []}, {'keywords': ['hydrogen evolution reaction', 'PEM water electrolysis', 'acidic water electrolysis', 'proton exchange membrane electrolyzer', 'PEMWE', 'Proton Exchange Membrane Water Electrolyzer'], 'meta_data': '… delivers an ultralow overpotential of 18\u2009mV at 10\u2009mA\u2009cm−2 for hydrogen evolution reaction …', 'paper_id': 'ffc10bfa2fdce53e11054d1e45c47732cd39585e', 'parsed_meta': [{'value': 18.0, 'unit': 'mV'}, {'value': 10.0, 'unit': 'mA'}, {'value': -2.0, 'unit': 'for'}], 'overpotential': {'value': -2.0, 'unit': 'for'}}], 'Solid Oxide Electrolysis Cell': [{'keywords': ['electrolysis cell', 'Solid Oxide Electrolysis Cell', 'solid oxide electrolyzer', 'SOEC'], 'meta_data': '… electrolytic brine, offering a unique route to the development of efficient electrocatalysts for saline water splitting.', 'paper_id': '642ecf0ac36b743f93f86ddf6053486626e945df', 'parsed_meta': []}, {'keywords': ['Solid Oxide Electrolysis Cell', 'solid oxide electrolyzer', 'SOEC'], 'meta_data': '', 'paper_id': 'ffc10bfa2fdce53e11054d1e45c47732cd39585e', 'parsed_meta': []}], 'Proton Exchange Membrane Fuel Cell': [{'keywords': ['PEM fuel cell', 'proton exchange membrane', 'fuel cell', 'Proton Exchange Membrane Fuel Cell', 'PEMFC'], 'meta_data': '… requires a highly overpotential of anodic oxygen evolution reaction (OER) and cathodic hydrogen evolution reaction (HER) for PEM fuel cell …', 'paper_id': '9f1eb177e685bd3596719d14bf5c2efaa7a0bd07', 'parsed_meta': []}], 'Solid Oxide Fuel Cell': [{'keywords': ['solid oxide electrolysis cell', 'Solid Oxide Fuel Cell', 'SOFC'], 'meta_data': '', 'paper_id': 'ffc10bfa2fdce53e11054d1e45c47732cd39585e', 'parsed_meta': []}]}
item: {'keywords': ['water splitting', 'PEM water electrolysis', 'acidic water electrolysis', 'proton exchange membrane electrolyzer', 'PEMWE', 'Proton Exchange Membrane Water Electrolyzer'], 'meta_data': '… overall water splitting …', 'paper_id': '642ecf0ac36b743f93f86ddf6053486626e945df', 'parsed_meta': []}
Processing paper_id: 642ecf0ac36b743f93f86ddf6053486626e945df, title: Vanadium-Doped Heterogeneous Bimetallic Phosphides Derived from Layered Double Hydroxides for Saline Water Splitting.
paper_titles : {'642ecf0ac36b743f93f86ddf6053486626e945df': 'Vanadium-Doped Heterogeneous Bimetallic Phosphides Derived from Layered Double Hydroxides for Saline Water Splitting.', '9f1eb177e685bd3596719d14bf5c2efaa7a0bd07': 'Hierarchical NiFe layered double hydroxides: a bifunctional electrocatalyst for overall water splitting', 'ffc10bfa2fdce53e11054d1e45c47732cd39585e': 'Engineering single-atomic ruthenium catalytic sites on defective nickel-iron layered double hydroxide for overall water splitting'}
item: {'keywords': ['hydrogen evolution reaction', 'PEM water electrolysis', 'acidic water electrolysis', 'proton exchange membrane electrolyzer', 'PEMWE', 'Proton Exchange Membrane Water Electrolyzer'], 'meta_data': '… delivers an ultralow overpotential of 18\u2009mV at 10\u2009mA\u2009cm−2 for hydrogen evolution reaction …', 'paper_id': 'ffc10bfa2fdce53e11054d1e45c47732cd39585e', 'parsed_meta': [{'value': 18.0, 'unit': 'mV'}, {'value': 10.0, 'unit': 'mA'}, {'value': -2.0, 'unit': 'for'}], 'overpotential': {'value': -2.0, 'unit': 'for'}}
Processing paper_id: ffc10bfa2fdce53e11054d1e45c47732cd39585e, title: Engineering single-atomic ruthenium catalytic sites on defective nickel-iron layered double hydroxide for overall water splitting
paper_titles : {'642ecf0ac36b743f93f86ddf6053486626e945df': 'Vanadium-Doped Heterogeneous Bimetallic Phosphides Derived from Layered Double Hydroxides for Saline Water Splitting.', '9f1eb177e685bd3596719d14bf5c2efaa7a0bd07': 'Hierarchical NiFe layered double hydroxides: a bifunctional electrocatalyst for overall water splitting', 'ffc10bfa2fdce53e11054d1e45c47732cd39585e': 'Engineering single-atomic ruthenium catalytic sites on defective nickel-iron layered double hydroxide for overall water splitting'}
item: {'keywords': ['electrolysis cell', 'Solid Oxide Electrolysis Cell', 'solid oxide electrolyzer', 'SOEC'], 'meta_data': '… electrolytic brine, offering a unique route to the development of efficient electrocatalysts for saline water splitting.', 'paper_id': '642ecf0ac36b743f93f86ddf6053486626e945df', 'parsed_meta': []}
Processing paper_id: 642ecf0ac36b743f93f86ddf6053486626e945df, title: Vanadium-Doped Heterogeneous Bimetallic Phosphides Derived from Layered Double Hydroxides for Saline Water Splitting.
paper_titles : {'642ecf0ac36b743f93f86ddf6053486626e945df': 'Vanadium-Doped Heterogeneous Bimetallic Phosphides Derived from Layered Double Hydroxides for Saline Water Splitting.', '9f1eb177e685bd3596719d14bf5c2efaa7a0bd07': 'Hierarchical NiFe layered double hydroxides: a bifunctional electrocatalyst for overall water splitting', 'ffc10bfa2fdce53e11054d1e45c47732cd39585e': 'Engineering single-atomic ruthenium catalytic sites on defective nickel-iron layered double hydroxide for overall water splitting'}
item: {'keywords': ['Solid Oxide Electrolysis Cell', 'solid oxide electrolyzer', 'SOEC'], 'meta_data': '', 'paper_id': 'ffc10bfa2fdce53e11054d1e45c47732cd39585e', 'parsed_meta': []}
Processing paper_id: ffc10bfa2fdce53e11054d1e45c47732cd39585e, title: Engineering single-atomic ruthenium catalytic sites on defective nickel-iron layered double hydroxide for overall water splitting
paper_titles : {'642ecf0ac36b743f93f86ddf6053486626e945df': 'Vanadium-Doped Heterogeneous Bimetallic Phosphides Derived from Layered Double Hydroxides for Saline Water Splitting.', '9f1eb177e685bd3596719d14bf5c2efaa7a0bd07': 'Hierarchical NiFe layered double hydroxides: a bifunctional electrocatalyst for overall water splitting', 'ffc10bfa2fdce53e11054d1e45c47732cd39585e': 'Engineering single-atomic ruthenium catalytic sites on defective nickel-iron layered double hydroxide for overall water splitting'}
item: {'keywords': ['PEM fuel cell', 'proton exchange membrane', 'fuel cell', 'Proton Exchange Membrane Fuel Cell', 'PEMFC'], 'meta_data': '… requires a highly overpotential of anodic oxygen evolution reaction (OER) and cathodic hydrogen evolution reaction (HER) for PEM fuel cell …', 'paper_id': '9f1eb177e685bd3596719d14bf5c2efaa7a0bd07', 'parsed_meta': []}
Processing paper_id: 9f1eb177e685bd3596719d14bf5c2efaa7a0bd07, title: Hierarchical NiFe layered double hydroxides: a bifunctional electrocatalyst for overall water splitting
paper_titles : {'642ecf0ac36b743f93f86ddf6053486626e945df': 'Vanadium-Doped Heterogeneous Bimetallic Phosphides Derived from Layered Double Hydroxides for Saline Water Splitting.', '9f1eb177e685bd3596719d14bf5c2efaa7a0bd07': 'Hierarchical NiFe layered double hydroxides: a bifunctional electrocatalyst for overall water splitting', 'ffc10bfa2fdce53e11054d1e45c47732cd39585e': 'Engineering single-atomic ruthenium catalytic sites on defective nickel-iron layered double hydroxide for overall water splitting'}
item: {'keywords': ['solid oxide electrolysis cell', 'Solid Oxide Fuel Cell', 'SOFC'], 'meta_data': '', 'paper_id': 'ffc10bfa2fdce53e11054d1e45c47732cd39585e', 'parsed_meta': []}
Processing paper_id: ffc10bfa2fdce53e11054d1e45c47732cd39585e, title: Engineering single-atomic ruthenium catalytic sites on defective nickel-iron layered double hydroxide for overall water splitting
paper_titles : {'642ecf0ac36b743f93f86ddf6053486626e945df': 'Vanadium-Doped Heterogeneous Bimetallic Phosphides Derived from Layered Double Hydroxides for Saline Water Splitting.', '9f1eb177e685bd3596719d14bf5c2efaa7a0bd07': 'Hierarchical NiFe layered double hydroxides: a bifunctional electrocatalyst for overall water splitting', 'ffc10bfa2fdce53e11054d1e45c47732cd39585e': 'Engineering single-atomic ruthenium catalytic sites on defective nickel-iron layered double hydroxide for overall water splitting'}
Processing layer: Environment with categories: {'Alkaline Environment': [{'keywords': ['pH>', 'pH>7', 'alkaline', 'basic', 'Alkaline Environment', 'pH=14', 'pH > 7', 'alkaline brine electrolysis'], 'meta_data': '… in alkaline brine electrolysis at both current densities of 100 and 500 mA cm^-2', 'paper_id': '642ecf0ac36b743f93f86ddf6053486626e945df', 'parsed_meta': [{'value': 100.0, 'unit': 'and'}, {'value': 500.0, 'unit': 'mA'}]}, {'keywords': ['pH>', 'pH>7', 'alkaline conditions', 'alkaline', 'basic', 'Alkaline Environment', 'pH=14', 'pH > 7'], 'meta_data': '… NiFe double hydroxides (NiFe-LDH) bifunctional group catalyst is applied to OER/HER under alkaline conditions …', 'paper_id': '9f1eb177e685bd3596719d14bf5c2efaa7a0bd07', 'parsed_meta': []}, {'keywords': ['pH>', 'pH>7', 'alkaline', 'basic', 'Alkaline Environment', 'pH=14', 'pH > 7'], 'meta_data': '… single-atomic-site ruthenium stabilized on defective nickel-iron layered double hydroxide nanosheets achieve superior HER and OER performance in alkaline media …', 'paper_id': 'ffc10bfa2fdce53e11054d1e45c47732cd39585e', 'parsed_meta': []}], 'Operating Temperature': [{'keywords': ['80°C', 'temperature', 'Operating Temperature', 'room temperature', 'temperature-controlled', '25°C'], 'meta_data': '… at room temperature with dual chloride solution ("NaCl-VCl3") …', 'paper_id': '642ecf0ac36b743f93f86ddf6053486626e945df', 'parsed_meta': []}]}
item: {'keywords': ['pH>', 'pH>7', 'alkaline', 'basic', 'Alkaline Environment', 'pH=14', 'pH > 7', 'alkaline brine electrolysis'], 'meta_data': '… in alkaline brine electrolysis at both current densities of 100 and 500 mA cm^-2', 'paper_id': '642ecf0ac36b743f93f86ddf6053486626e945df', 'parsed_meta': [{'value': 100.0, 'unit': 'and'}, {'value': 500.0, 'unit': 'mA'}]}
Processing paper_id: 642ecf0ac36b743f93f86ddf6053486626e945df, title: Vanadium-Doped Heterogeneous Bimetallic Phosphides Derived from Layered Double Hydroxides for Saline Water Splitting.
paper_titles : {'642ecf0ac36b743f93f86ddf6053486626e945df': 'Vanadium-Doped Heterogeneous Bimetallic Phosphides Derived from Layered Double Hydroxides for Saline Water Splitting.', '9f1eb177e685bd3596719d14bf5c2efaa7a0bd07': 'Hierarchical NiFe layered double hydroxides: a bifunctional electrocatalyst for overall water splitting', 'ffc10bfa2fdce53e11054d1e45c47732cd39585e': 'Engineering single-atomic ruthenium catalytic sites on defective nickel-iron layered double hydroxide for overall water splitting'}
item: {'keywords': ['pH>', 'pH>7', 'alkaline conditions', 'alkaline', 'basic', 'Alkaline Environment', 'pH=14', 'pH > 7'], 'meta_data': '… NiFe double hydroxides (NiFe-LDH) bifunctional group catalyst is applied to OER/HER under alkaline conditions …', 'paper_id': '9f1eb177e685bd3596719d14bf5c2efaa7a0bd07', 'parsed_meta': []}
Processing paper_id: 9f1eb177e685bd3596719d14bf5c2efaa7a0bd07, title: Hierarchical NiFe layered double hydroxides: a bifunctional electrocatalyst for overall water splitting
paper_titles : {'642ecf0ac36b743f93f86ddf6053486626e945df': 'Vanadium-Doped Heterogeneous Bimetallic Phosphides Derived from Layered Double Hydroxides for Saline Water Splitting.', '9f1eb177e685bd3596719d14bf5c2efaa7a0bd07': 'Hierarchical NiFe layered double hydroxides: a bifunctional electrocatalyst for overall water splitting', 'ffc10bfa2fdce53e11054d1e45c47732cd39585e': 'Engineering single-atomic ruthenium catalytic sites on defective nickel-iron layered double hydroxide for overall water splitting'}
item: {'keywords': ['pH>', 'pH>7', 'alkaline', 'basic', 'Alkaline Environment', 'pH=14', 'pH > 7'], 'meta_data': '… single-atomic-site ruthenium stabilized on defective nickel-iron layered double hydroxide nanosheets achieve superior HER and OER performance in alkaline media …', 'paper_id': 'ffc10bfa2fdce53e11054d1e45c47732cd39585e', 'parsed_meta': []}
Processing paper_id: ffc10bfa2fdce53e11054d1e45c47732cd39585e, title: Engineering single-atomic ruthenium catalytic sites on defective nickel-iron layered double hydroxide for overall water splitting
paper_titles : {'642ecf0ac36b743f93f86ddf6053486626e945df': 'Vanadium-Doped Heterogeneous Bimetallic Phosphides Derived from Layered Double Hydroxides for Saline Water Splitting.', '9f1eb177e685bd3596719d14bf5c2efaa7a0bd07': 'Hierarchical NiFe layered double hydroxides: a bifunctional electrocatalyst for overall water splitting', 'ffc10bfa2fdce53e11054d1e45c47732cd39585e': 'Engineering single-atomic ruthenium catalytic sites on defective nickel-iron layered double hydroxide for overall water splitting'}
item: {'keywords': ['80°C', 'temperature', 'Operating Temperature', 'room temperature', 'temperature-controlled', '25°C'], 'meta_data': '… at room temperature with dual chloride solution ("NaCl-VCl3") …', 'paper_id': '642ecf0ac36b743f93f86ddf6053486626e945df', 'parsed_meta': []}
Processing paper_id: 642ecf0ac36b743f93f86ddf6053486626e945df, title: Vanadium-Doped Heterogeneous Bimetallic Phosphides Derived from Layered Double Hydroxides for Saline Water Splitting.
paper_titles : {'642ecf0ac36b743f93f86ddf6053486626e945df': 'Vanadium-Doped Heterogeneous Bimetallic Phosphides Derived from Layered Double Hydroxides for Saline Water Splitting.', '9f1eb177e685bd3596719d14bf5c2efaa7a0bd07': 'Hierarchical NiFe layered double hydroxides: a bifunctional electrocatalyst for overall water splitting', 'ffc10bfa2fdce53e11054d1e45c47732cd39585e': 'Engineering single-atomic ruthenium catalytic sites on defective nickel-iron layered double hydroxide for overall water splitting'}
Processing layer: Process with categories: {'Electrochemical Energy Conversion': [{'keywords': ['Electrochemical Energy Conversion', 'electrochemical cell', 'electrochemical process', 'electrolytic brine splitting', 'redox energy'], 'meta_data': '… offering a unique route to the development of efficient electrocatalysts for saline water splitting …', 'paper_id': '642ecf0ac36b743f93f86ddf6053486626e945df', 'parsed_meta': []}, {'keywords': ['hydrogen evolution reaction', 'Electrochemical Energy Conversion', 'electrochemical cell', 'electrochemical process', 'redox energy'], 'meta_data': '… sluggish kinetics and requires a highly overpotential of anodic oxygen evolution reaction (OER) and cathodic hydrogen evolution reaction (HER) …', 'paper_id': '9f1eb177e685bd3596719d14bf5c2efaa7a0bd07', 'parsed_meta': []}, {'keywords': ['redox energy', 'electrochemical cell', 'electrochemical process', 'Electrochemical Energy Conversion'], 'meta_data': '… electrocatalytic hydrogen production from water is limited by sluggish kinetics and requires a highly overpotential of anodic oxygen evolution reaction (OER) and cathodic hydrogen evolution reaction (HER) …', 'paper_id': '9f1eb177e685bd3596719d14bf5c2efaa7a0bd07', 'parsed_meta': []}], 'Water Electrolysis': [{'keywords': ['water splitting', 'electrolysis of water', 'splitting H2O', 'hydrogen from water', 'Water Electrolysis'], 'meta_data': '… to prepare bifunctional and high stability catalysts are vital for overall water splitting …', 'paper_id': '642ecf0ac36b743f93f86ddf6053486626e945df', 'parsed_meta': []}, {'keywords': ['water splitting', 'electrolysis of water', 'splitting H2O', 'hydrogen from water', 'Water Electrolysis'], 'meta_data': '… electrocatalytic hydrogen production from water is limited by sluggish kinetics and requires a highly overpotential of anodic oxygen evolution reaction (OER) and cathodic hydrogen evolution reaction (HER) …', 'paper_id': '9f1eb177e685bd3596719d14bf5c2efaa7a0bd07', 'parsed_meta': []}], 'Electrocatalysis': [{'keywords': ['electrode reaction enhancement', 'electrocatalytic', 'Electrocatalysis', 'electrochemical catalysts', 'electrocatalyst'], 'meta_data': '… NiFe double hydroxides (NiFe-LDH) bifunctional group catalyst is applied to OER/HER under alkaline conditions …', 'paper_id': '9f1eb177e685bd3596719d14bf5c2efaa7a0bd07', 'parsed_meta': []}, {'keywords': ['electrode reaction enhancement', 'electrocatalytic', 'Electrocatalysis', 'electrochemical catalysts', 'electrocatalyst'], 'meta_data': '… optimization of the adsorption energies of intermediates for hydrogen evolution reaction and promotes the O–O coupling at a Ru–O active site for oxygen evolution reaction …', 'paper_id': 'ffc10bfa2fdce53e11054d1e45c47732cd39585e', 'parsed_meta': []}, {'keywords': ['electrode reaction enhancement', 'electrocatalytic', 'Electrocatalysis', 'electrochemical catalysts', 'electrocatalyst'], 'meta_data': '… electrocatalytic materials in alkaline electrolyte …', 'paper_id': 'ffc10bfa2fdce53e11054d1e45c47732cd39585e', 'parsed_meta': []}]}
item: {'keywords': ['Electrochemical Energy Conversion', 'electrochemical cell', 'electrochemical process', 'electrolytic brine splitting', 'redox energy'], 'meta_data': '… offering a unique route to the development of efficient electrocatalysts for saline water splitting …', 'paper_id': '642ecf0ac36b743f93f86ddf6053486626e945df', 'parsed_meta': []}
Processing paper_id: 642ecf0ac36b743f93f86ddf6053486626e945df, title: Vanadium-Doped Heterogeneous Bimetallic Phosphides Derived from Layered Double Hydroxides for Saline Water Splitting.
paper_titles : {'642ecf0ac36b743f93f86ddf6053486626e945df': 'Vanadium-Doped Heterogeneous Bimetallic Phosphides Derived from Layered Double Hydroxides for Saline Water Splitting.', '9f1eb177e685bd3596719d14bf5c2efaa7a0bd07': 'Hierarchical NiFe layered double hydroxides: a bifunctional electrocatalyst for overall water splitting', 'ffc10bfa2fdce53e11054d1e45c47732cd39585e': 'Engineering single-atomic ruthenium catalytic sites on defective nickel-iron layered double hydroxide for overall water splitting'}
item: {'keywords': ['hydrogen evolution reaction', 'Electrochemical Energy Conversion', 'electrochemical cell', 'electrochemical process', 'redox energy'], 'meta_data': '… sluggish kinetics and requires a highly overpotential of anodic oxygen evolution reaction (OER) and cathodic hydrogen evolution reaction (HER) …', 'paper_id': '9f1eb177e685bd3596719d14bf5c2efaa7a0bd07', 'parsed_meta': []}
Processing paper_id: 9f1eb177e685bd3596719d14bf5c2efaa7a0bd07, title: Hierarchical NiFe layered double hydroxides: a bifunctional electrocatalyst for overall water splitting
paper_titles : {'642ecf0ac36b743f93f86ddf6053486626e945df': 'Vanadium-Doped Heterogeneous Bimetallic Phosphides Derived from Layered Double Hydroxides for Saline Water Splitting.', '9f1eb177e685bd3596719d14bf5c2efaa7a0bd07': 'Hierarchical NiFe layered double hydroxides: a bifunctional electrocatalyst for overall water splitting', 'ffc10bfa2fdce53e11054d1e45c47732cd39585e': 'Engineering single-atomic ruthenium catalytic sites on defective nickel-iron layered double hydroxide for overall water splitting'}
item: {'keywords': ['redox energy', 'electrochemical cell', 'electrochemical process', 'Electrochemical Energy Conversion'], 'meta_data': '… electrocatalytic hydrogen production from water is limited by sluggish kinetics and requires a highly overpotential of anodic oxygen evolution reaction (OER) and cathodic hydrogen evolution reaction (HER) …', 'paper_id': '9f1eb177e685bd3596719d14bf5c2efaa7a0bd07', 'parsed_meta': []}
Processing paper_id: 9f1eb177e685bd3596719d14bf5c2efaa7a0bd07, title: Hierarchical NiFe layered double hydroxides: a bifunctional electrocatalyst for overall water splitting
paper_titles : {'642ecf0ac36b743f93f86ddf6053486626e945df': 'Vanadium-Doped Heterogeneous Bimetallic Phosphides Derived from Layered Double Hydroxides for Saline Water Splitting.', '9f1eb177e685bd3596719d14bf5c2efaa7a0bd07': 'Hierarchical NiFe layered double hydroxides: a bifunctional electrocatalyst for overall water splitting', 'ffc10bfa2fdce53e11054d1e45c47732cd39585e': 'Engineering single-atomic ruthenium catalytic sites on defective nickel-iron layered double hydroxide for overall water splitting'}
item: {'keywords': ['water splitting', 'electrolysis of water', 'splitting H2O', 'hydrogen from water', 'Water Electrolysis'], 'meta_data': '… to prepare bifunctional and high stability catalysts are vital for overall water splitting …', 'paper_id': '642ecf0ac36b743f93f86ddf6053486626e945df', 'parsed_meta': []}
Processing paper_id: 642ecf0ac36b743f93f86ddf6053486626e945df, title: Vanadium-Doped Heterogeneous Bimetallic Phosphides Derived from Layered Double Hydroxides for Saline Water Splitting.
paper_titles : {'642ecf0ac36b743f93f86ddf6053486626e945df': 'Vanadium-Doped Heterogeneous Bimetallic Phosphides Derived from Layered Double Hydroxides for Saline Water Splitting.', '9f1eb177e685bd3596719d14bf5c2efaa7a0bd07': 'Hierarchical NiFe layered double hydroxides: a bifunctional electrocatalyst for overall water splitting', 'ffc10bfa2fdce53e11054d1e45c47732cd39585e': 'Engineering single-atomic ruthenium catalytic sites on defective nickel-iron layered double hydroxide for overall water splitting'}
item: {'keywords': ['water splitting', 'electrolysis of water', 'splitting H2O', 'hydrogen from water', 'Water Electrolysis'], 'meta_data': '… electrocatalytic hydrogen production from water is limited by sluggish kinetics and requires a highly overpotential of anodic oxygen evolution reaction (OER) and cathodic hydrogen evolution reaction (HER) …', 'paper_id': '9f1eb177e685bd3596719d14bf5c2efaa7a0bd07', 'parsed_meta': []}
Processing paper_id: 9f1eb177e685bd3596719d14bf5c2efaa7a0bd07, title: Hierarchical NiFe layered double hydroxides: a bifunctional electrocatalyst for overall water splitting
paper_titles : {'642ecf0ac36b743f93f86ddf6053486626e945df': 'Vanadium-Doped Heterogeneous Bimetallic Phosphides Derived from Layered Double Hydroxides for Saline Water Splitting.', '9f1eb177e685bd3596719d14bf5c2efaa7a0bd07': 'Hierarchical NiFe layered double hydroxides: a bifunctional electrocatalyst for overall water splitting', 'ffc10bfa2fdce53e11054d1e45c47732cd39585e': 'Engineering single-atomic ruthenium catalytic sites on defective nickel-iron layered double hydroxide for overall water splitting'}
item: {'keywords': ['electrode reaction enhancement', 'electrocatalytic', 'Electrocatalysis', 'electrochemical catalysts', 'electrocatalyst'], 'meta_data': '… NiFe double hydroxides (NiFe-LDH) bifunctional group catalyst is applied to OER/HER under alkaline conditions …', 'paper_id': '9f1eb177e685bd3596719d14bf5c2efaa7a0bd07', 'parsed_meta': []}
Processing paper_id: 9f1eb177e685bd3596719d14bf5c2efaa7a0bd07, title: Hierarchical NiFe layered double hydroxides: a bifunctional electrocatalyst for overall water splitting
paper_titles : {'642ecf0ac36b743f93f86ddf6053486626e945df': 'Vanadium-Doped Heterogeneous Bimetallic Phosphides Derived from Layered Double Hydroxides for Saline Water Splitting.', '9f1eb177e685bd3596719d14bf5c2efaa7a0bd07': 'Hierarchical NiFe layered double hydroxides: a bifunctional electrocatalyst for overall water splitting', 'ffc10bfa2fdce53e11054d1e45c47732cd39585e': 'Engineering single-atomic ruthenium catalytic sites on defective nickel-iron layered double hydroxide for overall water splitting'}
item: {'keywords': ['electrode reaction enhancement', 'electrocatalytic', 'Electrocatalysis', 'electrochemical catalysts', 'electrocatalyst'], 'meta_data': '… optimization of the adsorption energies of intermediates for hydrogen evolution reaction and promotes the O–O coupling at a Ru–O active site for oxygen evolution reaction …', 'paper_id': 'ffc10bfa2fdce53e11054d1e45c47732cd39585e', 'parsed_meta': []}
Processing paper_id: ffc10bfa2fdce53e11054d1e45c47732cd39585e, title: Engineering single-atomic ruthenium catalytic sites on defective nickel-iron layered double hydroxide for overall water splitting
paper_titles : {'642ecf0ac36b743f93f86ddf6053486626e945df': 'Vanadium-Doped Heterogeneous Bimetallic Phosphides Derived from Layered Double Hydroxides for Saline Water Splitting.', '9f1eb177e685bd3596719d14bf5c2efaa7a0bd07': 'Hierarchical NiFe layered double hydroxides: a bifunctional electrocatalyst for overall water splitting', 'ffc10bfa2fdce53e11054d1e45c47732cd39585e': 'Engineering single-atomic ruthenium catalytic sites on defective nickel-iron layered double hydroxide for overall water splitting'}
item: {'keywords': ['electrode reaction enhancement', 'electrocatalytic', 'Electrocatalysis', 'electrochemical catalysts', 'electrocatalyst'], 'meta_data': '… electrocatalytic materials in alkaline electrolyte …', 'paper_id': 'ffc10bfa2fdce53e11054d1e45c47732cd39585e', 'parsed_meta': []}
Processing paper_id: ffc10bfa2fdce53e11054d1e45c47732cd39585e, title: Engineering single-atomic ruthenium catalytic sites on defective nickel-iron layered double hydroxide for overall water splitting
paper_titles : {'642ecf0ac36b743f93f86ddf6053486626e945df': 'Vanadium-Doped Heterogeneous Bimetallic Phosphides Derived from Layered Double Hydroxides for Saline Water Splitting.', '9f1eb177e685bd3596719d14bf5c2efaa7a0bd07': 'Hierarchical NiFe layered double hydroxides: a bifunctional electrocatalyst for overall water splitting', 'ffc10bfa2fdce53e11054d1e45c47732cd39585e': 'Engineering single-atomic ruthenium catalytic sites on defective nickel-iron layered double hydroxide for overall water splitting'}
Processing layer: Reaction with categories: {'Oxygen Evolution Reaction': [{'keywords': ['oxygen evolution', 'water oxidation', 'oxygen generation', 'OER', 'Oxygen Evolution Reaction'], 'meta_data': '… bifunctional electrocatalysts for oxygen/hydrogen exchange reaction …', 'paper_id': '642ecf0ac36b743f93f86ddf6053486626e945df', 'parsed_meta': []}, {'keywords': ['oxygen evolution', 'water oxidation', 'oxygen generation', 'OER', 'Oxygen Evolution Reaction'], 'meta_data': '… OER/HER under alkaline conditions. The results show only 464.6/219.4 mV overpotential (vs reversible hydrogen electrode (RHE)) at 100/10 mA cm−2 for OER/HER, respectively …', 'paper_id': '9f1eb177e685bd3596719d14bf5c2efaa7a0bd07', 'parsed_meta': [{'value': 464.6, 'unit': '/'}, {'value': 219.4, 'unit': 'mV'}, {'value': 100.0, 'unit': '/'}, {'value': 10.0, 'unit': 'mA'}, {'value': -2.0, 'unit': 'for'}], 'overpotential': {'value': -2.0, 'unit': 'for'}}, {'keywords': ['oxygen evolution', 'water oxidation', 'oxygen generation', 'OER', 'Oxygen Evolution Reaction', 'oxygen evolution reaction'], 'meta_data': '… optimizes the adsorption energies of intermediates for oxygen evolution reaction and promotes the O–O coupling at a Ru–O active site …', 'paper_id': 'ffc10bfa2fdce53e11054d1e45c47732cd39585e', 'parsed_meta': []}], 'Hydrogen Evolution Reaction': [{'keywords': ['HER', 'H2 generation', 'hydrogen evolution', 'reduction of protons', 'Hydrogen Evolution Reaction'], 'meta_data': '… only 185 mV overpotential to reach 10 mA cm^-2 for hydrogen evolution …', 'paper_id': '642ecf0ac36b743f93f86ddf6053486626e945df', 'parsed_meta': [{'value': 185.0, 'unit': 'mV'}, {'value': 10.0, 'unit': 'mA'}, {'value': -2.0, 'unit': 'for'}], 'overpotential': {'value': -2.0, 'unit': 'for'}}, {'keywords': ['HER', 'H2 generation', 'hydrogen evolution', 'reduction of protons', 'Hydrogen Evolution Reaction'], 'meta_data': '… sluggish kinetics and requires a highly overpotential of anodic oxygen evolution reaction (OER) and cathodic hydrogen evolution reaction (HER) …', 'paper_id': '9f1eb177e685bd3596719d14bf5c2efaa7a0bd07', 'parsed_meta': []}, {'keywords': ['HER', 'H2 generation', 'hydrogen evolution', 'reduction of protons', 'hydrogen generation', 'Hydrogen Evolution Reaction'], 'meta_data': '… electrocatalytic hydrogen production from water is limited by sluggish kinetics and requires a highly overpotential of anodic oxygen evolution reaction (OER) and cathodic hydrogen evolution reaction (HER) …', 'paper_id': '9f1eb177e685bd3596719d14bf5c2efaa7a0bd07', 'parsed_meta': []}, {'keywords': ['hydrogen evolution reaction', 'HER', 'H2 generation', 'hydrogen evolution', 'reduction of protons', 'Hydrogen Evolution Reaction'], 'meta_data': '… delivers an ultralow overpotential of 18\u2009mV at 10\u2009mA\u2009cm−2 for hydrogen evolution reaction …', 'paper_id': 'ffc10bfa2fdce53e11054d1e45c47732cd39585e', 'parsed_meta': [{'value': 18.0, 'unit': 'mV'}, {'value': 10.0, 'unit': 'mA'}, {'value': -2.0, 'unit': 'for'}], 'overpotential': {'value': -2.0, 'unit': 'for'}}]}
item: {'keywords': ['oxygen evolution', 'water oxidation', 'oxygen generation', 'OER', 'Oxygen Evolution Reaction'], 'meta_data': '… bifunctional electrocatalysts for oxygen/hydrogen exchange reaction …', 'paper_id': '642ecf0ac36b743f93f86ddf6053486626e945df', 'parsed_meta': []}
Processing paper_id: 642ecf0ac36b743f93f86ddf6053486626e945df, title: Vanadium-Doped Heterogeneous Bimetallic Phosphides Derived from Layered Double Hydroxides for Saline Water Splitting.
paper_titles : {'642ecf0ac36b743f93f86ddf6053486626e945df': 'Vanadium-Doped Heterogeneous Bimetallic Phosphides Derived from Layered Double Hydroxides for Saline Water Splitting.', '9f1eb177e685bd3596719d14bf5c2efaa7a0bd07': 'Hierarchical NiFe layered double hydroxides: a bifunctional electrocatalyst for overall water splitting', 'ffc10bfa2fdce53e11054d1e45c47732cd39585e': 'Engineering single-atomic ruthenium catalytic sites on defective nickel-iron layered double hydroxide for overall water splitting'}
item: {'keywords': ['oxygen evolution', 'water oxidation', 'oxygen generation', 'OER', 'Oxygen Evolution Reaction'], 'meta_data': '… OER/HER under alkaline conditions. The results show only 464.6/219.4 mV overpotential (vs reversible hydrogen electrode (RHE)) at 100/10 mA cm−2 for OER/HER, respectively …', 'paper_id': '9f1eb177e685bd3596719d14bf5c2efaa7a0bd07', 'parsed_meta': [{'value': 464.6, 'unit': '/'}, {'value': 219.4, 'unit': 'mV'}, {'value': 100.0, 'unit': '/'}, {'value': 10.0, 'unit': 'mA'}, {'value': -2.0, 'unit': 'for'}], 'overpotential': {'value': -2.0, 'unit': 'for'}}
Processing paper_id: 9f1eb177e685bd3596719d14bf5c2efaa7a0bd07, title: Hierarchical NiFe layered double hydroxides: a bifunctional electrocatalyst for overall water splitting
paper_titles : {'642ecf0ac36b743f93f86ddf6053486626e945df': 'Vanadium-Doped Heterogeneous Bimetallic Phosphides Derived from Layered Double Hydroxides for Saline Water Splitting.', '9f1eb177e685bd3596719d14bf5c2efaa7a0bd07': 'Hierarchical NiFe layered double hydroxides: a bifunctional electrocatalyst for overall water splitting', 'ffc10bfa2fdce53e11054d1e45c47732cd39585e': 'Engineering single-atomic ruthenium catalytic sites on defective nickel-iron layered double hydroxide for overall water splitting'}
item: {'keywords': ['oxygen evolution', 'water oxidation', 'oxygen generation', 'OER', 'Oxygen Evolution Reaction', 'oxygen evolution reaction'], 'meta_data': '… optimizes the adsorption energies of intermediates for oxygen evolution reaction and promotes the O–O coupling at a Ru–O active site …', 'paper_id': 'ffc10bfa2fdce53e11054d1e45c47732cd39585e', 'parsed_meta': []}
Processing paper_id: ffc10bfa2fdce53e11054d1e45c47732cd39585e, title: Engineering single-atomic ruthenium catalytic sites on defective nickel-iron layered double hydroxide for overall water splitting
paper_titles : {'642ecf0ac36b743f93f86ddf6053486626e945df': 'Vanadium-Doped Heterogeneous Bimetallic Phosphides Derived from Layered Double Hydroxides for Saline Water Splitting.', '9f1eb177e685bd3596719d14bf5c2efaa7a0bd07': 'Hierarchical NiFe layered double hydroxides: a bifunctional electrocatalyst for overall water splitting', 'ffc10bfa2fdce53e11054d1e45c47732cd39585e': 'Engineering single-atomic ruthenium catalytic sites on defective nickel-iron layered double hydroxide for overall water splitting'}
item: {'keywords': ['HER', 'H2 generation', 'hydrogen evolution', 'reduction of protons', 'Hydrogen Evolution Reaction'], 'meta_data': '… only 185 mV overpotential to reach 10 mA cm^-2 for hydrogen evolution …', 'paper_id': '642ecf0ac36b743f93f86ddf6053486626e945df', 'parsed_meta': [{'value': 185.0, 'unit': 'mV'}, {'value': 10.0, 'unit': 'mA'}, {'value': -2.0, 'unit': 'for'}], 'overpotential': {'value': -2.0, 'unit': 'for'}}
Processing paper_id: 642ecf0ac36b743f93f86ddf6053486626e945df, title: Vanadium-Doped Heterogeneous Bimetallic Phosphides Derived from Layered Double Hydroxides for Saline Water Splitting.
paper_titles : {'642ecf0ac36b743f93f86ddf6053486626e945df': 'Vanadium-Doped Heterogeneous Bimetallic Phosphides Derived from Layered Double Hydroxides for Saline Water Splitting.', '9f1eb177e685bd3596719d14bf5c2efaa7a0bd07': 'Hierarchical NiFe layered double hydroxides: a bifunctional electrocatalyst for overall water splitting', 'ffc10bfa2fdce53e11054d1e45c47732cd39585e': 'Engineering single-atomic ruthenium catalytic sites on defective nickel-iron layered double hydroxide for overall water splitting'}
item: {'keywords': ['HER', 'H2 generation', 'hydrogen evolution', 'reduction of protons', 'Hydrogen Evolution Reaction'], 'meta_data': '… sluggish kinetics and requires a highly overpotential of anodic oxygen evolution reaction (OER) and cathodic hydrogen evolution reaction (HER) …', 'paper_id': '9f1eb177e685bd3596719d14bf5c2efaa7a0bd07', 'parsed_meta': []}
Processing paper_id: 9f1eb177e685bd3596719d14bf5c2efaa7a0bd07, title: Hierarchical NiFe layered double hydroxides: a bifunctional electrocatalyst for overall water splitting
paper_titles : {'642ecf0ac36b743f93f86ddf6053486626e945df': 'Vanadium-Doped Heterogeneous Bimetallic Phosphides Derived from Layered Double Hydroxides for Saline Water Splitting.', '9f1eb177e685bd3596719d14bf5c2efaa7a0bd07': 'Hierarchical NiFe layered double hydroxides: a bifunctional electrocatalyst for overall water splitting', 'ffc10bfa2fdce53e11054d1e45c47732cd39585e': 'Engineering single-atomic ruthenium catalytic sites on defective nickel-iron layered double hydroxide for overall water splitting'}
item: {'keywords': ['HER', 'H2 generation', 'hydrogen evolution', 'reduction of protons', 'hydrogen generation', 'Hydrogen Evolution Reaction'], 'meta_data': '… electrocatalytic hydrogen production from water is limited by sluggish kinetics and requires a highly overpotential of anodic oxygen evolution reaction (OER) and cathodic hydrogen evolution reaction (HER) …', 'paper_id': '9f1eb177e685bd3596719d14bf5c2efaa7a0bd07', 'parsed_meta': []}
Processing paper_id: 9f1eb177e685bd3596719d14bf5c2efaa7a0bd07, title: Hierarchical NiFe layered double hydroxides: a bifunctional electrocatalyst for overall water splitting
paper_titles : {'642ecf0ac36b743f93f86ddf6053486626e945df': 'Vanadium-Doped Heterogeneous Bimetallic Phosphides Derived from Layered Double Hydroxides for Saline Water Splitting.', '9f1eb177e685bd3596719d14bf5c2efaa7a0bd07': 'Hierarchical NiFe layered double hydroxides: a bifunctional electrocatalyst for overall water splitting', 'ffc10bfa2fdce53e11054d1e45c47732cd39585e': 'Engineering single-atomic ruthenium catalytic sites on defective nickel-iron layered double hydroxide for overall water splitting'}
item: {'keywords': ['hydrogen evolution reaction', 'HER', 'H2 generation', 'hydrogen evolution', 'reduction of protons', 'Hydrogen Evolution Reaction'], 'meta_data': '… delivers an ultralow overpotential of 18\u2009mV at 10\u2009mA\u2009cm−2 for hydrogen evolution reaction …', 'paper_id': 'ffc10bfa2fdce53e11054d1e45c47732cd39585e', 'parsed_meta': [{'value': 18.0, 'unit': 'mV'}, {'value': 10.0, 'unit': 'mA'}, {'value': -2.0, 'unit': 'for'}], 'overpotential': {'value': -2.0, 'unit': 'for'}}
Processing paper_id: ffc10bfa2fdce53e11054d1e45c47732cd39585e, title: Engineering single-atomic ruthenium catalytic sites on defective nickel-iron layered double hydroxide for overall water splitting
paper_titles : {'642ecf0ac36b743f93f86ddf6053486626e945df': 'Vanadium-Doped Heterogeneous Bimetallic Phosphides Derived from Layered Double Hydroxides for Saline Water Splitting.', '9f1eb177e685bd3596719d14bf5c2efaa7a0bd07': 'Hierarchical NiFe layered double hydroxides: a bifunctional electrocatalyst for overall water splitting', 'ffc10bfa2fdce53e11054d1e45c47732cd39585e': 'Engineering single-atomic ruthenium catalytic sites on defective nickel-iron layered double hydroxide for overall water splitting'}
Processing layer: Element with categories: {'Transition Metals': [{'keywords': ['Transition Metals', 'transition metal', 'd-block metal', 'iron', 'first-row metals'], 'meta_data': 'V-doped nickel-iron hydroxide precursor by etching NiFe foam (NFF) at room temperature with dual chloride solution', 'paper_id': '642ecf0ac36b743f93f86ddf6053486626e945df', 'parsed_meta': []}, {'keywords': ['Transition Metals', 'nickel-iron', 'transition metal', 'd-block metal', 'first-row metals'], 'meta_data': 'single-atomic-site ruthenium stabilized on defective nickel-iron layered double hydroxide nanosheets', 'paper_id': 'ffc10bfa2fdce53e11054d1e45c47732cd39585e', 'parsed_meta': []}], 'Nickel': [{'keywords': ['nickel', 'nickel oxide', 'Ni', 'nickel foam', 'Nickel'], 'meta_data': 'V-doped nickel-iron hydroxide precursor by etching NiFe foam (NFF) at room temperature with dual chloride solution', 'paper_id': '642ecf0ac36b743f93f86ddf6053486626e945df', 'parsed_meta': []}, {'keywords': ['nickel', 'nickel oxide', 'Ni', 'nickel foam', 'Nickel'], 'meta_data': 'NiFe double hydroxides (NiFe-LDH) bifunctional group catalyst is applied to OER/HER under alkaline conditions.', 'paper_id': '9f1eb177e685bd3596719d14bf5c2efaa7a0bd07', 'parsed_meta': []}], 'Iron': [{'keywords': ['Fe2+', 'Fe3+', 'Iron', 'iron', 'Fe', 'iron-based catalyst'], 'meta_data': 'V-doped nickel-iron hydroxide precursor by etching NiFe foam (NFF) at room temperature with dual chloride solution', 'paper_id': '642ecf0ac36b743f93f86ddf6053486626e945df', 'parsed_meta': []}, {'keywords': ['Fe2+', 'Fe3+', 'Iron', 'iron-based', 'Fe', 'iron-based catalyst'], 'meta_data': 'NiFe double hydroxides (NiFe-LDH) bifunctional group catalyst is applied to OER/HER under alkaline conditions.', 'paper_id': '9f1eb177e685bd3596719d14bf5c2efaa7a0bd07', 'parsed_meta': []}], 'Earth-Abundant Elements': [{'keywords': ['earth abundant', 'Earth-Abundant Elements', 'earth-abundant', 'nickel-iron', 'low-cost metals', 'non-precious'], 'meta_data': 'single-atomic-site ruthenium stabilized on defective nickel-iron layered double hydroxide nanosheets', 'paper_id': 'ffc10bfa2fdce53e11054d1e45c47732cd39585e', 'parsed_meta': []}]}
item: {'keywords': ['Transition Metals', 'transition metal', 'd-block metal', 'iron', 'first-row metals'], 'meta_data': 'V-doped nickel-iron hydroxide precursor by etching NiFe foam (NFF) at room temperature with dual chloride solution', 'paper_id': '642ecf0ac36b743f93f86ddf6053486626e945df', 'parsed_meta': []}
Processing paper_id: 642ecf0ac36b743f93f86ddf6053486626e945df, title: Vanadium-Doped Heterogeneous Bimetallic Phosphides Derived from Layered Double Hydroxides for Saline Water Splitting.
paper_titles : {'642ecf0ac36b743f93f86ddf6053486626e945df': 'Vanadium-Doped Heterogeneous Bimetallic Phosphides Derived from Layered Double Hydroxides for Saline Water Splitting.', '9f1eb177e685bd3596719d14bf5c2efaa7a0bd07': 'Hierarchical NiFe layered double hydroxides: a bifunctional electrocatalyst for overall water splitting', 'ffc10bfa2fdce53e11054d1e45c47732cd39585e': 'Engineering single-atomic ruthenium catalytic sites on defective nickel-iron layered double hydroxide for overall water splitting'}
item: {'keywords': ['Transition Metals', 'nickel-iron', 'transition metal', 'd-block metal', 'first-row metals'], 'meta_data': 'single-atomic-site ruthenium stabilized on defective nickel-iron layered double hydroxide nanosheets', 'paper_id': 'ffc10bfa2fdce53e11054d1e45c47732cd39585e', 'parsed_meta': []}
Processing paper_id: ffc10bfa2fdce53e11054d1e45c47732cd39585e, title: Engineering single-atomic ruthenium catalytic sites on defective nickel-iron layered double hydroxide for overall water splitting
paper_titles : {'642ecf0ac36b743f93f86ddf6053486626e945df': 'Vanadium-Doped Heterogeneous Bimetallic Phosphides Derived from Layered Double Hydroxides for Saline Water Splitting.', '9f1eb177e685bd3596719d14bf5c2efaa7a0bd07': 'Hierarchical NiFe layered double hydroxides: a bifunctional electrocatalyst for overall water splitting', 'ffc10bfa2fdce53e11054d1e45c47732cd39585e': 'Engineering single-atomic ruthenium catalytic sites on defective nickel-iron layered double hydroxide for overall water splitting'}
item: {'keywords': ['nickel', 'nickel oxide', 'Ni', 'nickel foam', 'Nickel'], 'meta_data': 'V-doped nickel-iron hydroxide precursor by etching NiFe foam (NFF) at room temperature with dual chloride solution', 'paper_id': '642ecf0ac36b743f93f86ddf6053486626e945df', 'parsed_meta': []}
Processing paper_id: 642ecf0ac36b743f93f86ddf6053486626e945df, title: Vanadium-Doped Heterogeneous Bimetallic Phosphides Derived from Layered Double Hydroxides for Saline Water Splitting.
paper_titles : {'642ecf0ac36b743f93f86ddf6053486626e945df': 'Vanadium-Doped Heterogeneous Bimetallic Phosphides Derived from Layered Double Hydroxides for Saline Water Splitting.', '9f1eb177e685bd3596719d14bf5c2efaa7a0bd07': 'Hierarchical NiFe layered double hydroxides: a bifunctional electrocatalyst for overall water splitting', 'ffc10bfa2fdce53e11054d1e45c47732cd39585e': 'Engineering single-atomic ruthenium catalytic sites on defective nickel-iron layered double hydroxide for overall water splitting'}
item: {'keywords': ['nickel', 'nickel oxide', 'Ni', 'nickel foam', 'Nickel'], 'meta_data': 'NiFe double hydroxides (NiFe-LDH) bifunctional group catalyst is applied to OER/HER under alkaline conditions.', 'paper_id': '9f1eb177e685bd3596719d14bf5c2efaa7a0bd07', 'parsed_meta': []}
Processing paper_id: 9f1eb177e685bd3596719d14bf5c2efaa7a0bd07, title: Hierarchical NiFe layered double hydroxides: a bifunctional electrocatalyst for overall water splitting
paper_titles : {'642ecf0ac36b743f93f86ddf6053486626e945df': 'Vanadium-Doped Heterogeneous Bimetallic Phosphides Derived from Layered Double Hydroxides for Saline Water Splitting.', '9f1eb177e685bd3596719d14bf5c2efaa7a0bd07': 'Hierarchical NiFe layered double hydroxides: a bifunctional electrocatalyst for overall water splitting', 'ffc10bfa2fdce53e11054d1e45c47732cd39585e': 'Engineering single-atomic ruthenium catalytic sites on defective nickel-iron layered double hydroxide for overall water splitting'}
item: {'keywords': ['Fe2+', 'Fe3+', 'Iron', 'iron', 'Fe', 'iron-based catalyst'], 'meta_data': 'V-doped nickel-iron hydroxide precursor by etching NiFe foam (NFF) at room temperature with dual chloride solution', 'paper_id': '642ecf0ac36b743f93f86ddf6053486626e945df', 'parsed_meta': []}
Processing paper_id: 642ecf0ac36b743f93f86ddf6053486626e945df, title: Vanadium-Doped Heterogeneous Bimetallic Phosphides Derived from Layered Double Hydroxides for Saline Water Splitting.
paper_titles : {'642ecf0ac36b743f93f86ddf6053486626e945df': 'Vanadium-Doped Heterogeneous Bimetallic Phosphides Derived from Layered Double Hydroxides for Saline Water Splitting.', '9f1eb177e685bd3596719d14bf5c2efaa7a0bd07': 'Hierarchical NiFe layered double hydroxides: a bifunctional electrocatalyst for overall water splitting', 'ffc10bfa2fdce53e11054d1e45c47732cd39585e': 'Engineering single-atomic ruthenium catalytic sites on defective nickel-iron layered double hydroxide for overall water splitting'}
item: {'keywords': ['Fe2+', 'Fe3+', 'Iron', 'iron-based', 'Fe', 'iron-based catalyst'], 'meta_data': 'NiFe double hydroxides (NiFe-LDH) bifunctional group catalyst is applied to OER/HER under alkaline conditions.', 'paper_id': '9f1eb177e685bd3596719d14bf5c2efaa7a0bd07', 'parsed_meta': []}
Processing paper_id: 9f1eb177e685bd3596719d14bf5c2efaa7a0bd07, title: Hierarchical NiFe layered double hydroxides: a bifunctional electrocatalyst for overall water splitting
paper_titles : {'642ecf0ac36b743f93f86ddf6053486626e945df': 'Vanadium-Doped Heterogeneous Bimetallic Phosphides Derived from Layered Double Hydroxides for Saline Water Splitting.', '9f1eb177e685bd3596719d14bf5c2efaa7a0bd07': 'Hierarchical NiFe layered double hydroxides: a bifunctional electrocatalyst for overall water splitting', 'ffc10bfa2fdce53e11054d1e45c47732cd39585e': 'Engineering single-atomic ruthenium catalytic sites on defective nickel-iron layered double hydroxide for overall water splitting'}
item: {'keywords': ['earth abundant', 'Earth-Abundant Elements', 'earth-abundant', 'nickel-iron', 'low-cost metals', 'non-precious'], 'meta_data': 'single-atomic-site ruthenium stabilized on defective nickel-iron layered double hydroxide nanosheets', 'paper_id': 'ffc10bfa2fdce53e11054d1e45c47732cd39585e', 'parsed_meta': []}
Processing paper_id: ffc10bfa2fdce53e11054d1e45c47732cd39585e, title: Engineering single-atomic ruthenium catalytic sites on defective nickel-iron layered double hydroxide for overall water splitting
paper_titles : {'642ecf0ac36b743f93f86ddf6053486626e945df': 'Vanadium-Doped Heterogeneous Bimetallic Phosphides Derived from Layered Double Hydroxides for Saline Water Splitting.', '9f1eb177e685bd3596719d14bf5c2efaa7a0bd07': 'Hierarchical NiFe layered double hydroxides: a bifunctional electrocatalyst for overall water splitting', 'ffc10bfa2fdce53e11054d1e45c47732cd39585e': 'Engineering single-atomic ruthenium catalytic sites on defective nickel-iron layered double hydroxide for overall water splitting'}
Processing layer: Material with categories: {'Metal Oxides': [{'keywords': ['NiO', 'Metal Oxides', 'oxide layer', 'nickel-iron hydroxide', 'metal oxide', 'Fe2O3'], 'meta_data': '… V-doped nickel-iron hydroxide precursor by etching NiFe foam (NFF) …', 'paper_id': '642ecf0ac36b743f93f86ddf6053486626e945df', 'parsed_meta': []}, {'keywords': ['nickel oxide', 'NiO', 'Metal Oxides', 'oxide layer', 'metal oxide', 'Fe2O3'], 'meta_data': '… etching NiFe foam (NFF) at room temperature with dual chloride solution …', 'paper_id': '642ecf0ac36b743f93f86ddf6053486626e945df', 'parsed_meta': []}, {'keywords': ['NiO', 'Metal Oxides', 'oxide layer', 'metal oxide', 'Fe2O3'], 'meta_data': 'None', 'paper_id': '642ecf0ac36b743f93f86ddf6053486626e945df', 'parsed_meta': []}, {'keywords': ['NiO', 'Metal Oxides', 'oxide layer', 'metal oxide', 'Fe2O3'], 'meta_data': '… NiFe double hydroxides (NiFe-LDH) bifunctional group catalyst is applied to OER/HER under alkaline conditions …', 'paper_id': '9f1eb177e685bd3596719d14bf5c2efaa7a0bd07', 'parsed_meta': []}, {'keywords': ['NiO', 'Metal Oxides', 'oxide layer', 'metal oxide', 'Fe2O3'], 'meta_data': '', 'paper_id': '9f1eb177e685bd3596719d14bf5c2efaa7a0bd07', 'parsed_meta': []}, {'keywords': ['NiO', 'Metal Oxides', 'oxide layer', 'nickel-iron layered double hydroxide', 'metal oxide', 'Fe2O3'], 'meta_data': '…stabilized on defective nickel-iron layered double hydroxide nanosheets (Ru1/D-NiFe LDH)…', 'paper_id': 'ffc10bfa2fdce53e11054d1e45c47732cd39585e', 'parsed_meta': [{'value': 1.0, 'unit': '/D-NiFe'}]}], '2D Materials': [{'keywords': ['nanosheets', 'graphene', 'MoS2', '2D Materials'], 'meta_data': 'None', 'paper_id': '642ecf0ac36b743f93f86ddf6053486626e945df', 'parsed_meta': []}, {'keywords': ['nanosheets', 'graphene', 'MoS2', '2D Materials'], 'meta_data': '…single-atomic-site ruthenium stabilized on defective nickel-iron layered double hydroxide nanosheets (Ru1/D-NiFe LDH)…', 'paper_id': 'ffc10bfa2fdce53e11054d1e45c47732cd39585e', 'parsed_meta': [{'value': 1.0, 'unit': '/D-NiFe'}]}]}
item: {'keywords': ['NiO', 'Metal Oxides', 'oxide layer', 'nickel-iron hydroxide', 'metal oxide', 'Fe2O3'], 'meta_data': '… V-doped nickel-iron hydroxide precursor by etching NiFe foam (NFF) …', 'paper_id': '642ecf0ac36b743f93f86ddf6053486626e945df', 'parsed_meta': []}
Processing paper_id: 642ecf0ac36b743f93f86ddf6053486626e945df, title: Vanadium-Doped Heterogeneous Bimetallic Phosphides Derived from Layered Double Hydroxides for Saline Water Splitting.
paper_titles : {'642ecf0ac36b743f93f86ddf6053486626e945df': 'Vanadium-Doped Heterogeneous Bimetallic Phosphides Derived from Layered Double Hydroxides for Saline Water Splitting.', '9f1eb177e685bd3596719d14bf5c2efaa7a0bd07': 'Hierarchical NiFe layered double hydroxides: a bifunctional electrocatalyst for overall water splitting', 'ffc10bfa2fdce53e11054d1e45c47732cd39585e': 'Engineering single-atomic ruthenium catalytic sites on defective nickel-iron layered double hydroxide for overall water splitting'}
item: {'keywords': ['nickel oxide', 'NiO', 'Metal Oxides', 'oxide layer', 'metal oxide', 'Fe2O3'], 'meta_data': '… etching NiFe foam (NFF) at room temperature with dual chloride solution …', 'paper_id': '642ecf0ac36b743f93f86ddf6053486626e945df', 'parsed_meta': []}
Processing paper_id: 642ecf0ac36b743f93f86ddf6053486626e945df, title: Vanadium-Doped Heterogeneous Bimetallic Phosphides Derived from Layered Double Hydroxides for Saline Water Splitting.
paper_titles : {'642ecf0ac36b743f93f86ddf6053486626e945df': 'Vanadium-Doped Heterogeneous Bimetallic Phosphides Derived from Layered Double Hydroxides for Saline Water Splitting.', '9f1eb177e685bd3596719d14bf5c2efaa7a0bd07': 'Hierarchical NiFe layered double hydroxides: a bifunctional electrocatalyst for overall water splitting', 'ffc10bfa2fdce53e11054d1e45c47732cd39585e': 'Engineering single-atomic ruthenium catalytic sites on defective nickel-iron layered double hydroxide for overall water splitting'}
item: {'keywords': ['NiO', 'Metal Oxides', 'oxide layer', 'metal oxide', 'Fe2O3'], 'meta_data': 'None', 'paper_id': '642ecf0ac36b743f93f86ddf6053486626e945df', 'parsed_meta': []}
Processing paper_id: 642ecf0ac36b743f93f86ddf6053486626e945df, title: Vanadium-Doped Heterogeneous Bimetallic Phosphides Derived from Layered Double Hydroxides for Saline Water Splitting.
paper_titles : {'642ecf0ac36b743f93f86ddf6053486626e945df': 'Vanadium-Doped Heterogeneous Bimetallic Phosphides Derived from Layered Double Hydroxides for Saline Water Splitting.', '9f1eb177e685bd3596719d14bf5c2efaa7a0bd07': 'Hierarchical NiFe layered double hydroxides: a bifunctional electrocatalyst for overall water splitting', 'ffc10bfa2fdce53e11054d1e45c47732cd39585e': 'Engineering single-atomic ruthenium catalytic sites on defective nickel-iron layered double hydroxide for overall water splitting'}
item: {'keywords': ['NiO', 'Metal Oxides', 'oxide layer', 'metal oxide', 'Fe2O3'], 'meta_data': '… NiFe double hydroxides (NiFe-LDH) bifunctional group catalyst is applied to OER/HER under alkaline conditions …', 'paper_id': '9f1eb177e685bd3596719d14bf5c2efaa7a0bd07', 'parsed_meta': []}
Processing paper_id: 9f1eb177e685bd3596719d14bf5c2efaa7a0bd07, title: Hierarchical NiFe layered double hydroxides: a bifunctional electrocatalyst for overall water splitting
paper_titles : {'642ecf0ac36b743f93f86ddf6053486626e945df': 'Vanadium-Doped Heterogeneous Bimetallic Phosphides Derived from Layered Double Hydroxides for Saline Water Splitting.', '9f1eb177e685bd3596719d14bf5c2efaa7a0bd07': 'Hierarchical NiFe layered double hydroxides: a bifunctional electrocatalyst for overall water splitting', 'ffc10bfa2fdce53e11054d1e45c47732cd39585e': 'Engineering single-atomic ruthenium catalytic sites on defective nickel-iron layered double hydroxide for overall water splitting'}
item: {'keywords': ['NiO', 'Metal Oxides', 'oxide layer', 'metal oxide', 'Fe2O3'], 'meta_data': '', 'paper_id': '9f1eb177e685bd3596719d14bf5c2efaa7a0bd07', 'parsed_meta': []}
Processing paper_id: 9f1eb177e685bd3596719d14bf5c2efaa7a0bd07, title: Hierarchical NiFe layered double hydroxides: a bifunctional electrocatalyst for overall water splitting
paper_titles : {'642ecf0ac36b743f93f86ddf6053486626e945df': 'Vanadium-Doped Heterogeneous Bimetallic Phosphides Derived from Layered Double Hydroxides for Saline Water Splitting.', '9f1eb177e685bd3596719d14bf5c2efaa7a0bd07': 'Hierarchical NiFe layered double hydroxides: a bifunctional electrocatalyst for overall water splitting', 'ffc10bfa2fdce53e11054d1e45c47732cd39585e': 'Engineering single-atomic ruthenium catalytic sites on defective nickel-iron layered double hydroxide for overall water splitting'}
item: {'keywords': ['NiO', 'Metal Oxides', 'oxide layer', 'nickel-iron layered double hydroxide', 'metal oxide', 'Fe2O3'], 'meta_data': '…stabilized on defective nickel-iron layered double hydroxide nanosheets (Ru1/D-NiFe LDH)…', 'paper_id': 'ffc10bfa2fdce53e11054d1e45c47732cd39585e', 'parsed_meta': [{'value': 1.0, 'unit': '/D-NiFe'}]}
Processing paper_id: ffc10bfa2fdce53e11054d1e45c47732cd39585e, title: Engineering single-atomic ruthenium catalytic sites on defective nickel-iron layered double hydroxide for overall water splitting
paper_titles : {'642ecf0ac36b743f93f86ddf6053486626e945df': 'Vanadium-Doped Heterogeneous Bimetallic Phosphides Derived from Layered Double Hydroxides for Saline Water Splitting.', '9f1eb177e685bd3596719d14bf5c2efaa7a0bd07': 'Hierarchical NiFe layered double hydroxides: a bifunctional electrocatalyst for overall water splitting', 'ffc10bfa2fdce53e11054d1e45c47732cd39585e': 'Engineering single-atomic ruthenium catalytic sites on defective nickel-iron layered double hydroxide for overall water splitting'}
item: {'keywords': ['nanosheets', 'graphene', 'MoS2', '2D Materials'], 'meta_data': 'None', 'paper_id': '642ecf0ac36b743f93f86ddf6053486626e945df', 'parsed_meta': []}
Processing paper_id: 642ecf0ac36b743f93f86ddf6053486626e945df, title: Vanadium-Doped Heterogeneous Bimetallic Phosphides Derived from Layered Double Hydroxides for Saline Water Splitting.
paper_titles : {'642ecf0ac36b743f93f86ddf6053486626e945df': 'Vanadium-Doped Heterogeneous Bimetallic Phosphides Derived from Layered Double Hydroxides for Saline Water Splitting.', '9f1eb177e685bd3596719d14bf5c2efaa7a0bd07': 'Hierarchical NiFe layered double hydroxides: a bifunctional electrocatalyst for overall water splitting', 'ffc10bfa2fdce53e11054d1e45c47732cd39585e': 'Engineering single-atomic ruthenium catalytic sites on defective nickel-iron layered double hydroxide for overall water splitting'}
item: {'keywords': ['nanosheets', 'graphene', 'MoS2', '2D Materials'], 'meta_data': '…single-atomic-site ruthenium stabilized on defective nickel-iron layered double hydroxide nanosheets (Ru1/D-NiFe LDH)…', 'paper_id': 'ffc10bfa2fdce53e11054d1e45c47732cd39585e', 'parsed_meta': [{'value': 1.0, 'unit': '/D-NiFe'}]}
Processing paper_id: ffc10bfa2fdce53e11054d1e45c47732cd39585e, title: Engineering single-atomic ruthenium catalytic sites on defective nickel-iron layered double hydroxide for overall water splitting
paper_titles : {'642ecf0ac36b743f93f86ddf6053486626e945df': 'Vanadium-Doped Heterogeneous Bimetallic Phosphides Derived from Layered Double Hydroxides for Saline Water Splitting.', '9f1eb177e685bd3596719d14bf5c2efaa7a0bd07': 'Hierarchical NiFe layered double hydroxides: a bifunctional electrocatalyst for overall water splitting', 'ffc10bfa2fdce53e11054d1e45c47732cd39585e': 'Engineering single-atomic ruthenium catalytic sites on defective nickel-iron layered double hydroxide for overall water splitting'}
Processing layer: PerformanceMetric with categories: {'Overpotential': [{'keywords': ['η = ', 'Overpotential', 'overpotential of', '185 mV', 'potential above thermodynamic'], 'meta_data': 'requires only 185 and 117 mV overpotentials to reach 10 mA cm-2 for OER and HER', 'paper_id': '642ecf0ac36b743f93f86ddf6053486626e945df', 'parsed_meta': [{'value': 185.0, 'unit': 'and'}, {'value': 117.0, 'unit': 'mV'}, {'value': 10.0, 'unit': 'mA'}, {'value': -2.0, 'unit': 'for'}], 'overpotential': {'value': -2.0, 'unit': 'for'}}, {'keywords': ['η = ', 'Overpotential', 'overpotential of', '117 mV', 'potential above thermodynamic'], 'meta_data': 'requires only 185 and 117 mV overpotentials to reach 10 mA cm-2 for OER and HER', 'paper_id': '642ecf0ac36b743f93f86ddf6053486626e945df', 'parsed_meta': [{'value': 185.0, 'unit': 'and'}, {'value': 117.0, 'unit': 'mV'}, {'value': 10.0, 'unit': 'mA'}, {'value': -2.0, 'unit': 'for'}], 'overpotential': {'value': -2.0, 'unit': 'for'}}, {'keywords': ['η = ', 'Overpotential', 'overpotential of', '464.6 mV', 'potential above thermodynamic'], 'meta_data': 'only 464.6/219.4 mV overpotential (vs reversible hydrogen electrode (RHE)) at 100/10 mA cm−2 for OER/HER, respectively', 'paper_id': '9f1eb177e685bd3596719d14bf5c2efaa7a0bd07', 'parsed_meta': [{'value': 464.6, 'unit': '/'}, {'value': 219.4, 'unit': 'mV'}, {'value': 100.0, 'unit': '/'}, {'value': 10.0, 'unit': 'mA'}, {'value': -2.0, 'unit': 'for'}], 'overpotential': {'value': -2.0, 'unit': 'for'}}, {'keywords': ['η = ', 'Overpotential', 'overpotential of', '219.4 mV', 'potential above thermodynamic'], 'meta_data': 'only 464.6/219.4 mV overpotential (vs reversible hydrogen electrode (RHE)) at 100/10 mA cm−2 for OER/HER, respectively', 'paper_id': '9f1eb177e685bd3596719d14bf5c2efaa7a0bd07', 'parsed_meta': [{'value': 464.6, 'unit': '/'}, {'value': 219.4, 'unit': 'mV'}, {'value': 100.0, 'unit': '/'}, {'value': 10.0, 'unit': 'mA'}, {'value': -2.0, 'unit': 'for'}], 'overpotential': {'value': -2.0, 'unit': 'for'}}, {'keywords': ['η = ', 'Overpotential', 'overpotential of', '18 mV', 'potential above thermodynamic'], 'meta_data': '… ultralow overpotential of 18\u2009mV at 10\u2009mA\u2009cm−2 for hydrogen evolution reaction …', 'paper_id': 'ffc10bfa2fdce53e11054d1e45c47732cd39585e', 'parsed_meta': [{'value': 18.0, 'unit': 'mV'}, {'value': 10.0, 'unit': 'mA'}, {'value': -2.0, 'unit': 'for'}], 'overpotential': {'value': -2.0, 'unit': 'for'}}], 'Tafel Slope': [{'keywords': ['Tafel plot', 'Tafel Slope', 'mV dec⁻¹', 'none (not mentioned in the text)', 'Tafel slope'], 'meta_data': '', 'paper_id': 'ffc10bfa2fdce53e11054d1e45c47732cd39585e', 'parsed_meta': []}]}
item: {'keywords': ['η = ', 'Overpotential', 'overpotential of', '185 mV', 'potential above thermodynamic'], 'meta_data': 'requires only 185 and 117 mV overpotentials to reach 10 mA cm-2 for OER and HER', 'paper_id': '642ecf0ac36b743f93f86ddf6053486626e945df', 'parsed_meta': [{'value': 185.0, 'unit': 'and'}, {'value': 117.0, 'unit': 'mV'}, {'value': 10.0, 'unit': 'mA'}, {'value': -2.0, 'unit': 'for'}], 'overpotential': {'value': -2.0, 'unit': 'for'}}
Processing paper_id: 642ecf0ac36b743f93f86ddf6053486626e945df, title: Vanadium-Doped Heterogeneous Bimetallic Phosphides Derived from Layered Double Hydroxides for Saline Water Splitting.
paper_titles : {'642ecf0ac36b743f93f86ddf6053486626e945df': 'Vanadium-Doped Heterogeneous Bimetallic Phosphides Derived from Layered Double Hydroxides for Saline Water Splitting.', '9f1eb177e685bd3596719d14bf5c2efaa7a0bd07': 'Hierarchical NiFe layered double hydroxides: a bifunctional electrocatalyst for overall water splitting', 'ffc10bfa2fdce53e11054d1e45c47732cd39585e': 'Engineering single-atomic ruthenium catalytic sites on defective nickel-iron layered double hydroxide for overall water splitting'}
item: {'keywords': ['η = ', 'Overpotential', 'overpotential of', '117 mV', 'potential above thermodynamic'], 'meta_data': 'requires only 185 and 117 mV overpotentials to reach 10 mA cm-2 for OER and HER', 'paper_id': '642ecf0ac36b743f93f86ddf6053486626e945df', 'parsed_meta': [{'value': 185.0, 'unit': 'and'}, {'value': 117.0, 'unit': 'mV'}, {'value': 10.0, 'unit': 'mA'}, {'value': -2.0, 'unit': 'for'}], 'overpotential': {'value': -2.0, 'unit': 'for'}}
Processing paper_id: 642ecf0ac36b743f93f86ddf6053486626e945df, title: Vanadium-Doped Heterogeneous Bimetallic Phosphides Derived from Layered Double Hydroxides for Saline Water Splitting.
paper_titles : {'642ecf0ac36b743f93f86ddf6053486626e945df': 'Vanadium-Doped Heterogeneous Bimetallic Phosphides Derived from Layered Double Hydroxides for Saline Water Splitting.', '9f1eb177e685bd3596719d14bf5c2efaa7a0bd07': 'Hierarchical NiFe layered double hydroxides: a bifunctional electrocatalyst for overall water splitting', 'ffc10bfa2fdce53e11054d1e45c47732cd39585e': 'Engineering single-atomic ruthenium catalytic sites on defective nickel-iron layered double hydroxide for overall water splitting'}
item: {'keywords': ['η = ', 'Overpotential', 'overpotential of', '464.6 mV', 'potential above thermodynamic'], 'meta_data': 'only 464.6/219.4 mV overpotential (vs reversible hydrogen electrode (RHE)) at 100/10 mA cm−2 for OER/HER, respectively', 'paper_id': '9f1eb177e685bd3596719d14bf5c2efaa7a0bd07', 'parsed_meta': [{'value': 464.6, 'unit': '/'}, {'value': 219.4, 'unit': 'mV'}, {'value': 100.0, 'unit': '/'}, {'value': 10.0, 'unit': 'mA'}, {'value': -2.0, 'unit': 'for'}], 'overpotential': {'value': -2.0, 'unit': 'for'}}
Processing paper_id: 9f1eb177e685bd3596719d14bf5c2efaa7a0bd07, title: Hierarchical NiFe layered double hydroxides: a bifunctional electrocatalyst for overall water splitting
paper_titles : {'642ecf0ac36b743f93f86ddf6053486626e945df': 'Vanadium-Doped Heterogeneous Bimetallic Phosphides Derived from Layered Double Hydroxides for Saline Water Splitting.', '9f1eb177e685bd3596719d14bf5c2efaa7a0bd07': 'Hierarchical NiFe layered double hydroxides: a bifunctional electrocatalyst for overall water splitting', 'ffc10bfa2fdce53e11054d1e45c47732cd39585e': 'Engineering single-atomic ruthenium catalytic sites on defective nickel-iron layered double hydroxide for overall water splitting'}
item: {'keywords': ['η = ', 'Overpotential', 'overpotential of', '219.4 mV', 'potential above thermodynamic'], 'meta_data': 'only 464.6/219.4 mV overpotential (vs reversible hydrogen electrode (RHE)) at 100/10 mA cm−2 for OER/HER, respectively', 'paper_id': '9f1eb177e685bd3596719d14bf5c2efaa7a0bd07', 'parsed_meta': [{'value': 464.6, 'unit': '/'}, {'value': 219.4, 'unit': 'mV'}, {'value': 100.0, 'unit': '/'}, {'value': 10.0, 'unit': 'mA'}, {'value': -2.0, 'unit': 'for'}], 'overpotential': {'value': -2.0, 'unit': 'for'}}
Processing paper_id: 9f1eb177e685bd3596719d14bf5c2efaa7a0bd07, title: Hierarchical NiFe layered double hydroxides: a bifunctional electrocatalyst for overall water splitting
paper_titles : {'642ecf0ac36b743f93f86ddf6053486626e945df': 'Vanadium-Doped Heterogeneous Bimetallic Phosphides Derived from Layered Double Hydroxides for Saline Water Splitting.', '9f1eb177e685bd3596719d14bf5c2efaa7a0bd07': 'Hierarchical NiFe layered double hydroxides: a bifunctional electrocatalyst for overall water splitting', 'ffc10bfa2fdce53e11054d1e45c47732cd39585e': 'Engineering single-atomic ruthenium catalytic sites on defective nickel-iron layered double hydroxide for overall water splitting'}
item: {'keywords': ['η = ', 'Overpotential', 'overpotential of', '18 mV', 'potential above thermodynamic'], 'meta_data': '… ultralow overpotential of 18\u2009mV at 10\u2009mA\u2009cm−2 for hydrogen evolution reaction …', 'paper_id': 'ffc10bfa2fdce53e11054d1e45c47732cd39585e', 'parsed_meta': [{'value': 18.0, 'unit': 'mV'}, {'value': 10.0, 'unit': 'mA'}, {'value': -2.0, 'unit': 'for'}], 'overpotential': {'value': -2.0, 'unit': 'for'}}
Processing paper_id: ffc10bfa2fdce53e11054d1e45c47732cd39585e, title: Engineering single-atomic ruthenium catalytic sites on defective nickel-iron layered double hydroxide for overall water splitting
paper_titles : {'642ecf0ac36b743f93f86ddf6053486626e945df': 'Vanadium-Doped Heterogeneous Bimetallic Phosphides Derived from Layered Double Hydroxides for Saline Water Splitting.', '9f1eb177e685bd3596719d14bf5c2efaa7a0bd07': 'Hierarchical NiFe layered double hydroxides: a bifunctional electrocatalyst for overall water splitting', 'ffc10bfa2fdce53e11054d1e45c47732cd39585e': 'Engineering single-atomic ruthenium catalytic sites on defective nickel-iron layered double hydroxide for overall water splitting'}
item: {'keywords': ['Tafel plot', 'Tafel Slope', 'mV dec⁻¹', 'none (not mentioned in the text)', 'Tafel slope'], 'meta_data': '', 'paper_id': 'ffc10bfa2fdce53e11054d1e45c47732cd39585e', 'parsed_meta': []}
Processing paper_id: ffc10bfa2fdce53e11054d1e45c47732cd39585e, title: Engineering single-atomic ruthenium catalytic sites on defective nickel-iron layered double hydroxide for overall water splitting
paper_titles : {'642ecf0ac36b743f93f86ddf6053486626e945df': 'Vanadium-Doped Heterogeneous Bimetallic Phosphides Derived from Layered Double Hydroxides for Saline Water Splitting.', '9f1eb177e685bd3596719d14bf5c2efaa7a0bd07': 'Hierarchical NiFe layered double hydroxides: a bifunctional electrocatalyst for overall water splitting', 'ffc10bfa2fdce53e11054d1e45c47732cd39585e': 'Engineering single-atomic ruthenium catalytic sites on defective nickel-iron layered double hydroxide for overall water splitting'}
Processing layer: Application with categories: {'Green Hydrogen Economy': [{'keywords': ['water splitting', 'Green Hydrogen Economy', 'renewable hydrogen', 'green hydrogen', 'H2 economy'], 'meta_data': 'The development of energy- and time-saving synthetic methods to prepare bifunctional and high stability catalysts are vital for overall water splitting.', 'paper_id': '642ecf0ac36b743f93f86ddf6053486626e945df', 'parsed_meta': []}, {'keywords': ['Green Hydrogen Economy', 'renewable hydrogen', 'electrolytic brine', 'green hydrogen', 'H2 economy'], 'meta_data': 'When used as a catalyst for water splitting in a full cell, it can be stably sustained for more than 1000 h in alkaline brine electrolysis at both current densities of 100 and 500 mA cm-2.', 'paper_id': '642ecf0ac36b743f93f86ddf6053486626e945df', 'parsed_meta': [{'value': 1000.0, 'unit': 'h'}, {'value': 100.0, 'unit': 'and'}, {'value': 500.0, 'unit': 'mA'}]}, {'keywords': ['Green Hydrogen Economy', 'renewable hydrogen', 'green hydrogen', 'saline water splitting', 'H2 economy'], 'meta_data': 'This work provides a cost-effective substrate self-derivation method to convert commercial NFF into a powerful catalyst for electrolytic brine, offering a unique route to the development of efficient electrocatalysts for saline water splitting.', 'paper_id': '642ecf0ac36b743f93f86ddf6053486626e945df', 'parsed_meta': []}, {'keywords': ['green hydrogen', 'H2 economy', 'Green Hydrogen Economy', 'renewable hydrogen'], 'meta_data': 'Electrocatalytic hydrogen production from water is limited by sluggish kinetics and requires a highly overpotential of anodic oxygen evolution reaction (OER) and cathodic hydrogen evolution reaction (HER).', 'paper_id': '9f1eb177e685bd3596719d14bf5c2efaa7a0bd07', 'parsed_meta': []}, {'keywords': ['green hydrogen', 'H2 economy', 'Green Hydrogen Economy', 'renewable hydrogen'], 'meta_data': '… for efficient sustainable energy conversion', 'paper_id': 'ffc10bfa2fdce53e11054d1e45c47732cd39585e', 'parsed_meta': []}, {'keywords': ['green hydrogen', 'H2 economy', 'Green Hydrogen Economy', 'renewable hydrogen'], 'meta_data': '… for efficient sustainable energy conversion', 'paper_id': 'ffc10bfa2fdce53e11054d1e45c47732cd39585e', 'parsed_meta': []}]}
item: {'keywords': ['water splitting', 'Green Hydrogen Economy', 'renewable hydrogen', 'green hydrogen', 'H2 economy'], 'meta_data': 'The development of energy- and time-saving synthetic methods to prepare bifunctional and high stability catalysts are vital for overall water splitting.', 'paper_id': '642ecf0ac36b743f93f86ddf6053486626e945df', 'parsed_meta': []}
Processing paper_id: 642ecf0ac36b743f93f86ddf6053486626e945df, title: Vanadium-Doped Heterogeneous Bimetallic Phosphides Derived from Layered Double Hydroxides for Saline Water Splitting.
paper_titles : {'642ecf0ac36b743f93f86ddf6053486626e945df': 'Vanadium-Doped Heterogeneous Bimetallic Phosphides Derived from Layered Double Hydroxides for Saline Water Splitting.', '9f1eb177e685bd3596719d14bf5c2efaa7a0bd07': 'Hierarchical NiFe layered double hydroxides: a bifunctional electrocatalyst for overall water splitting', 'ffc10bfa2fdce53e11054d1e45c47732cd39585e': 'Engineering single-atomic ruthenium catalytic sites on defective nickel-iron layered double hydroxide for overall water splitting'}
item: {'keywords': ['Green Hydrogen Economy', 'renewable hydrogen', 'electrolytic brine', 'green hydrogen', 'H2 economy'], 'meta_data': 'When used as a catalyst for water splitting in a full cell, it can be stably sustained for more than 1000 h in alkaline brine electrolysis at both current densities of 100 and 500 mA cm-2.', 'paper_id': '642ecf0ac36b743f93f86ddf6053486626e945df', 'parsed_meta': [{'value': 1000.0, 'unit': 'h'}, {'value': 100.0, 'unit': 'and'}, {'value': 500.0, 'unit': 'mA'}]}
Processing paper_id: 642ecf0ac36b743f93f86ddf6053486626e945df, title: Vanadium-Doped Heterogeneous Bimetallic Phosphides Derived from Layered Double Hydroxides for Saline Water Splitting.
paper_titles : {'642ecf0ac36b743f93f86ddf6053486626e945df': 'Vanadium-Doped Heterogeneous Bimetallic Phosphides Derived from Layered Double Hydroxides for Saline Water Splitting.', '9f1eb177e685bd3596719d14bf5c2efaa7a0bd07': 'Hierarchical NiFe layered double hydroxides: a bifunctional electrocatalyst for overall water splitting', 'ffc10bfa2fdce53e11054d1e45c47732cd39585e': 'Engineering single-atomic ruthenium catalytic sites on defective nickel-iron layered double hydroxide for overall water splitting'}
item: {'keywords': ['Green Hydrogen Economy', 'renewable hydrogen', 'green hydrogen', 'saline water splitting', 'H2 economy'], 'meta_data': 'This work provides a cost-effective substrate self-derivation method to convert commercial NFF into a powerful catalyst for electrolytic brine, offering a unique route to the development of efficient electrocatalysts for saline water splitting.', 'paper_id': '642ecf0ac36b743f93f86ddf6053486626e945df', 'parsed_meta': []}
Processing paper_id: 642ecf0ac36b743f93f86ddf6053486626e945df, title: Vanadium-Doped Heterogeneous Bimetallic Phosphides Derived from Layered Double Hydroxides for Saline Water Splitting.
paper_titles : {'642ecf0ac36b743f93f86ddf6053486626e945df': 'Vanadium-Doped Heterogeneous Bimetallic Phosphides Derived from Layered Double Hydroxides for Saline Water Splitting.', '9f1eb177e685bd3596719d14bf5c2efaa7a0bd07': 'Hierarchical NiFe layered double hydroxides: a bifunctional electrocatalyst for overall water splitting', 'ffc10bfa2fdce53e11054d1e45c47732cd39585e': 'Engineering single-atomic ruthenium catalytic sites on defective nickel-iron layered double hydroxide for overall water splitting'}
item: {'keywords': ['green hydrogen', 'H2 economy', 'Green Hydrogen Economy', 'renewable hydrogen'], 'meta_data': 'Electrocatalytic hydrogen production from water is limited by sluggish kinetics and requires a highly overpotential of anodic oxygen evolution reaction (OER) and cathodic hydrogen evolution reaction (HER).', 'paper_id': '9f1eb177e685bd3596719d14bf5c2efaa7a0bd07', 'parsed_meta': []}
Processing paper_id: 9f1eb177e685bd3596719d14bf5c2efaa7a0bd07, title: Hierarchical NiFe layered double hydroxides: a bifunctional electrocatalyst for overall water splitting
paper_titles : {'642ecf0ac36b743f93f86ddf6053486626e945df': 'Vanadium-Doped Heterogeneous Bimetallic Phosphides Derived from Layered Double Hydroxides for Saline Water Splitting.', '9f1eb177e685bd3596719d14bf5c2efaa7a0bd07': 'Hierarchical NiFe layered double hydroxides: a bifunctional electrocatalyst for overall water splitting', 'ffc10bfa2fdce53e11054d1e45c47732cd39585e': 'Engineering single-atomic ruthenium catalytic sites on defective nickel-iron layered double hydroxide for overall water splitting'}
item: {'keywords': ['green hydrogen', 'H2 economy', 'Green Hydrogen Economy', 'renewable hydrogen'], 'meta_data': '… for efficient sustainable energy conversion', 'paper_id': 'ffc10bfa2fdce53e11054d1e45c47732cd39585e', 'parsed_meta': []}
Processing paper_id: ffc10bfa2fdce53e11054d1e45c47732cd39585e, title: Engineering single-atomic ruthenium catalytic sites on defective nickel-iron layered double hydroxide for overall water splitting
paper_titles : {'642ecf0ac36b743f93f86ddf6053486626e945df': 'Vanadium-Doped Heterogeneous Bimetallic Phosphides Derived from Layered Double Hydroxides for Saline Water Splitting.', '9f1eb177e685bd3596719d14bf5c2efaa7a0bd07': 'Hierarchical NiFe layered double hydroxides: a bifunctional electrocatalyst for overall water splitting', 'ffc10bfa2fdce53e11054d1e45c47732cd39585e': 'Engineering single-atomic ruthenium catalytic sites on defective nickel-iron layered double hydroxide for overall water splitting'}
item: {'keywords': ['green hydrogen', 'H2 economy', 'Green Hydrogen Economy', 'renewable hydrogen'], 'meta_data': '… for efficient sustainable energy conversion', 'paper_id': 'ffc10bfa2fdce53e11054d1e45c47732cd39585e', 'parsed_meta': []}
Processing paper_id: ffc10bfa2fdce53e11054d1e45c47732cd39585e, title: Engineering single-atomic ruthenium catalytic sites on defective nickel-iron layered double hydroxide for overall water splitting
paper_titles : {'642ecf0ac36b743f93f86ddf6053486626e945df': 'Vanadium-Doped Heterogeneous Bimetallic Phosphides Derived from Layered Double Hydroxides for Saline Water Splitting.', '9f1eb177e685bd3596719d14bf5c2efaa7a0bd07': 'Hierarchical NiFe layered double hydroxides: a bifunctional electrocatalyst for overall water splitting', 'ffc10bfa2fdce53e11054d1e45c47732cd39585e': 'Engineering single-atomic ruthenium catalytic sites on defective nickel-iron layered double hydroxide for overall water splitting'}
🎉 NetworkX knowledge graph construction complete.
Nodes: 344 | Edges: 563
Node kind counts: {'Layer': 9, 'Category': 24, 'Keyword': 131, 'MetaData': 177, 'Paper': 3}
Edge type counts: {'HAS_CATEGORY': 24, 'HAS_KEYWORD': 131, 'MENTIONS': 231, 'HAS_METADATA': 177}
<class 'str'>
[('owl:ObjectProperty', {'kind': 'Layer', 'ontology_type': 'Layer', 'name': 'owl:ObjectProperty'}), ('owl:ObjectProperty|emmo-electro:hasDopant', {'kind': 'Category', 'ontology_type': 'owl:ObjectProperty', 'name': 'emmo-electro:hasDopant', 'layer': 'owl:ObjectProperty'}), ('owl:ObjectProperty|emmo-electro:hasDopant|v-doped', {'kind': 'Keyword', 'ontology_type': 'owl:ObjectProperty', 'name': 'v-doped', 'layer': 'owl:ObjectProperty', 'category': 'emmo-electro:hasDopant'}), ('owl:ObjectProperty|emmo-electro:hasDopant|nickel foam', {'kind': 'Keyword', 'ontology_type': 'owl:ObjectProperty', 'name': 'nickel foam', 'layer': 'owl:ObjectProperty', 'category': 'emmo-electro:hasDopant'}), ('owl:ObjectProperty|emmo-electro:hasDopant|nickel-iron layered double hydroxide', {'kind': 'Keyword', 'ontology_type': 'owl:ObjectProperty', 'name': 'nickel-iron layered double hydroxide', 'layer': 'owl:ObjectProperty', 'category': 'emmo-electro:hasDopant'}), ('owl:ObjectProperty|emmo-electro:hasDopant|ruthenium', {'kind': 'Keyword', 'ontology_type': 'owl:ObjectProperty', 'name': 'ruthenium', 'layer': 'owl:ObjectProperty', 'category': 'emmo-electro:hasDopant'}), ('owl:ObjectProperty|emmo-electro:hasMetric', {'kind': 'Category', 'ontology_type': 'owl:ObjectProperty', 'name': 'emmo-electro:hasMetric', 'layer': 'owl:ObjectProperty'}), ('owl:ObjectProperty|emmo-electro:hasMetric|overpotentials', {'kind': 'Keyword', 'ontology_type': 'owl:ObjectProperty', 'name': 'overpotentials', 'layer': 'owl:ObjectProperty', 'category': 'emmo-electro:hasMetric'}), ('owl:ObjectProperty|emmo-electro:hasMetric|overpotentials|and|185.0', {'kind': 'MetaData', 'ontology_type': 'emmo-electro:hasMetric', 'name': 'and', 'unit': 'and', 'value': 185.0, 'category': 'emmo-electro:hasMetric'}), ('owl:ObjectProperty|emmo-electro:hasMetric|overpotentials|mV|117.0', {'kind': 'MetaData', 'ontology_type': 'emmo-electro:hasMetric', 'name': 'mV', 'unit': 'mV', 'value': 117.0, 'category': 'emmo-electro:hasMetric'}), ('owl:ObjectProperty|emmo-electro:hasMetric|overpotentials|mA|10.0', {'kind': 'MetaData', 'ontology_type': 'emmo-electro:hasMetric', 'name': 'mA', 'unit': 'mA', 'value': 10.0, 'category': 'emmo-electro:hasMetric'}), ('owl:ObjectProperty|emmo-electro:hasMetric|overpotentials|for|-2.0', {'kind': 'MetaData', 'ontology_type': 'emmo-electro:hasMetric', 'name': 'for', 'unit': 'for', 'value': -2.0, 'category': 'emmo-electro:hasMetric'}), ('owl:ObjectProperty|emmo-electro:hasMetric|mV', {'kind': 'Keyword', 'ontology_type': 'owl:ObjectProperty', 'name': 'mV', 'layer': 'owl:ObjectProperty', 'category': 'emmo-electro:hasMetric'}), ('owl:ObjectProperty|emmo-electro:hasMetric|mV|mV|185.0', {'kind': 'MetaData', 'ontology_type': 'emmo-electro:hasMetric', 'name': 'mV', 'unit': 'mV', 'value': 185.0, 'category': 'emmo-electro:hasMetric'}), ('owl:ObjectProperty|emmo-electro:hasMetric|mV|mA|10.0', {'kind': 'MetaData', 'ontology_type': 'emmo-electro:hasMetric', 'name': 'mA', 'unit': 'mA', 'value': 10.0, 'category': 'emmo-electro:hasMetric'}), ('owl:ObjectProperty|emmo-electro:hasMetric|mV|for|-2.0', {'kind': 'MetaData', 'ontology_type': 'emmo-electro:hasMetric', 'name': 'for', 'unit': 'for', 'value': -2.0, 'category': 'emmo-electro:hasMetric'}), ('owl:ObjectProperty|emmo-electro:hasMetric|overpotential', {'kind': 'Keyword', 'ontology_type': 'owl:ObjectProperty', 'name': 'overpotential', 'layer': 'owl:ObjectProperty', 'category': 'emmo-electro:hasMetric'}), ('owl:ObjectProperty|emmo-electro:hasMetric|overpotential|/|464.6', {'kind': 'MetaData', 'ontology_type': 'emmo-electro:hasMetric', 'name': '/', 'unit': '/', 'value': 464.6, 'category': 'emmo-electro:hasMetric'}), ('owl:ObjectProperty|emmo-electro:hasMetric|overpotential|mV|219.4', {'kind': 'MetaData', 'ontology_type': 'emmo-electro:hasMetric', 'name': 'mV', 'unit': 'mV', 'value': 219.4, 'category': 'emmo-electro:hasMetric'}), ('owl:ObjectProperty|emmo-electro:hasMetric|overpotential|/|100.0', {'kind': 'MetaData', 'ontology_type': 'emmo-electro:hasMetric', 'name': '/', 'unit': '/', 'value': 100.0, 'category': 'emmo-electro:hasMetric'}), ('owl:ObjectProperty|emmo-electro:hasMetric|overpotential|mA|10.0', {'kind': 'MetaData', 'ontology_type': 'emmo-electro:hasMetric', 'name': 'mA', 'unit': 'mA', 'value': 10.0, 'category': 'emmo-electro:hasMetric'}), ('owl:ObjectProperty|emmo-electro:hasMetric|overpotential|for|-2.0', {'kind': 'MetaData', 'ontology_type': 'emmo-electro:hasMetric', 'name': 'for', 'unit': 'for', 'value': -2.0, 'category': 'emmo-electro:hasMetric'}), ('owl:ObjectProperty|emmo-electro:occursIn', {'kind': 'Category', 'ontology_type': 'owl:ObjectProperty', 'name': 'emmo-electro:occursIn', 'layer': 'owl:ObjectProperty'}), ('owl:ObjectProperty|emmo-electro:occursIn|electrocatalysts', {'kind': 'Keyword', 'ontology_type': 'owl:ObjectProperty', 'name': 'electrocatalysts', 'layer': 'owl:ObjectProperty', 'category': 'emmo-electro:occursIn'}), ('owl:ObjectProperty|emmo-electro:catalyzes', {'kind': 'Category', 'ontology_type': 'owl:ObjectProperty', 'name': 'emmo-electro:catalyzes', 'layer': 'owl:ObjectProperty'}), ('owl:ObjectProperty|emmo-electro:catalyzes|bifunctional group catalyst', {'kind': 'Keyword', 'ontology_type': 'owl:ObjectProperty', 'name': 'bifunctional group catalyst', 'layer': 'owl:ObjectProperty', 'category': 'emmo-electro:catalyzes'}), ('owl:ObjectProperty|emmo-electro:catalyzes|hydrogen evolution reaction', {'kind': 'Keyword', 'ontology_type': 'owl:ObjectProperty', 'name': 'hydrogen evolution reaction', 'layer': 'owl:ObjectProperty', 'category': 'emmo-electro:catalyzes'}), ('owl:ObjectProperty|emmo-electro:catalyzes|hydrogen evolution reaction|/D-NiFe|1.0', {'kind': 'MetaData', 'ontology_type': 'emmo-electro:catalyzes', 'name': '/D-NiFe', 'unit': '/D-NiFe', 'value': 1.0, 'category': 'emmo-electro:catalyzes'}), ('owl:ObjectProperty|emmo-electro:catalyzes|hydrogen evolution reaction|mV|18.0', {'kind': 'MetaData', 'ontology_type': 'emmo-electro:catalyzes', 'name': 'mV', 'unit': 'mV', 'value': 18.0, 'category': 'emmo-electro:catalyzes'}), ('owl:ObjectProperty|emmo-electro:catalyzes|hydrogen evolution reaction|mA|10.0', {'kind': 'MetaData', 'ontology_type': 'emmo-electro:catalyzes', 'name': 'mA', 'unit': 'mA', 'value': 10.0, 'category': 'emmo-electro:catalyzes'}), ('owl:ObjectProperty|emmo-electro:catalyzes|hydrogen evolution reaction|for|-2.0', {'kind': 'MetaData', 'ontology_type': 'emmo-electro:catalyzes', 'name': 'for', 'unit': 'for', 'value': -2.0, 'category': 'emmo-electro:catalyzes'}), ('owl:ObjectProperty|emmo-electro:catalyzes|oxygen evolution reaction', {'kind': 'Keyword', 'ontology_type': 'owl:ObjectProperty', 'name': 'oxygen evolution reaction', 'layer': 'owl:ObjectProperty', 'category': 'emmo-electro:catalyzes'}), ('owl:ObjectProperty|emmo-electro:catalyzes|oxygen evolution reaction|/D-NiFe|1.0', {'kind': 'MetaData', 'ontology_type': 'emmo-electro:catalyzes', 'name': '/D-NiFe', 'unit': '/D-NiFe', 'value': 1.0, 'category': 'emmo-electro:catalyzes'}), ('Device', {'kind': 'Layer', 'ontology_type': 'Layer', 'name': 'Device'}), ('Device|Proton Exchange Membrane Water Electrolyzer', {'kind': 'Category', 'ontology_type': 'Device', 'name': 'Proton Exchange Membrane Water Electrolyzer', 'layer': 'Device'}), ('Device|Proton Exchange Membrane Water Electrolyzer|water splitting', {'kind': 'Keyword', 'ontology_type': 'Device', 'name': 'water splitting', 'layer': 'Device', 'category': 'Proton Exchange Membrane Water Electrolyzer'}), ('Device|Proton Exchange Membrane Water Electrolyzer|PEM water electrolysis', {'kind': 'Keyword', 'ontology_type': 'Device', 'name': 'PEM water electrolysis', 'layer': 'Device', 'category': 'Proton Exchange Membrane Water Electrolyzer'}), ('Device|Proton Exchange Membrane Water Electrolyzer|acidic water electrolysis', {'kind': 'Keyword', 'ontology_type': 'Device', 'name': 'acidic water electrolysis', 'layer': 'Device', 'category': 'Proton Exchange Membrane Water Electrolyzer'}), ('Device|Proton Exchange Membrane Water Electrolyzer|proton exchange membrane electrolyzer', {'kind': 'Keyword', 'ontology_type': 'Device', 'name': 'proton exchange membrane electrolyzer', 'layer': 'Device', 'category': 'Proton Exchange Membrane Water Electrolyzer'}), ('Device|Proton Exchange Membrane Water Electrolyzer|PEMWE', {'kind': 'Keyword', 'ontology_type': 'Device', 'name': 'PEMWE', 'layer': 'Device', 'category': 'Proton Exchange Membrane Water Electrolyzer'}), ('Device|Proton Exchange Membrane Water Electrolyzer|Proton Exchange Membrane Water Electrolyzer', {'kind': 'Keyword', 'ontology_type': 'Device', 'name': 'Proton Exchange Membrane Water Electrolyzer', 'layer': 'Device', 'category': 'Proton Exchange Membrane Water Electrolyzer'}), ('Device|Proton Exchange Membrane Water Electrolyzer|hydrogen evolution reaction', {'kind': 'Keyword', 'ontology_type': 'Device', 'name': 'hydrogen evolution reaction', 'layer': 'Device', 'category': 'Proton Exchange Membrane Water Electrolyzer'}), ('Device|Proton Exchange Membrane Water Electrolyzer|hydrogen evolution reaction|mV|18.0', {'kind': 'MetaData', 'ontology_type': 'Proton Exchange Membrane Water Electrolyzer', 'name': 'mV', 'unit': 'mV', 'value': 18.0, 'category': 'Proton Exchange Membrane Water Electrolyzer'}), ('Device|Proton Exchange Membrane Water Electrolyzer|hydrogen evolution reaction|mA|10.0', {'kind': 'MetaData', 'ontology_type': 'Proton Exchange Membrane Water Electrolyzer', 'name': 'mA', 'unit': 'mA', 'value': 10.0, 'category': 'Proton Exchange Membrane Water Electrolyzer'}), ('Device|Proton Exchange Membrane Water Electrolyzer|hydrogen evolution reaction|for|-2.0', {'kind': 'MetaData', 'ontology_type': 'Proton Exchange Membrane Water Electrolyzer', 'name': 'for', 'unit': 'for', 'value': -2.0, 'category': 'Proton Exchange Membrane Water Electrolyzer'}), ('Device|Proton Exchange Membrane Water Electrolyzer|PEM water electrolysis|mV|18.0', {'kind': 'MetaData', 'ontology_type': 'Proton Exchange Membrane Water Electrolyzer', 'name': 'mV', 'unit': 'mV', 'value': 18.0, 'category': 'Proton Exchange Membrane Water Electrolyzer'}), ('Device|Proton Exchange Membrane Water Electrolyzer|PEM water electrolysis|mA|10.0', {'kind': 'MetaData', 'ontology_type': 'Proton Exchange Membrane Water Electrolyzer', 'name': 'mA', 'unit': 'mA', 'value': 10.0, 'category': 'Proton Exchange Membrane Water Electrolyzer'}), ('Device|Proton Exchange Membrane Water Electrolyzer|PEM water electrolysis|for|-2.0', {'kind': 'MetaData', 'ontology_type': 'Proton Exchange Membrane Water Electrolyzer', 'name': 'for', 'unit': 'for', 'value': -2.0, 'category': 'Proton Exchange Membrane Water Electrolyzer'}), ('Device|Proton Exchange Membrane Water Electrolyzer|acidic water electrolysis|mV|18.0', {'kind': 'MetaData', 'ontology_type': 'Proton Exchange Membrane Water Electrolyzer', 'name': 'mV', 'unit': 'mV', 'value': 18.0, 'category': 'Proton Exchange Membrane Water Electrolyzer'}), ('Device|Proton Exchange Membrane Water Electrolyzer|acidic water electrolysis|mA|10.0', {'kind': 'MetaData', 'ontology_type': 'Proton Exchange Membrane Water Electrolyzer', 'name': 'mA', 'unit': 'mA', 'value': 10.0, 'category': 'Proton Exchange Membrane Water Electrolyzer'}), ('Device|Proton Exchange Membrane Water Electrolyzer|acidic water electrolysis|for|-2.0', {'kind': 'MetaData', 'ontology_type': 'Proton Exchange Membrane Water Electrolyzer', 'name': 'for', 'unit': 'for', 'value': -2.0, 'category': 'Proton Exchange Membrane Water Electrolyzer'}), ('Device|Proton Exchange Membrane Water Electrolyzer|proton exchange membrane electrolyzer|mV|18.0', {'kind': 'MetaData', 'ontology_type': 'Proton Exchange Membrane Water Electrolyzer', 'name': 'mV', 'unit': 'mV', 'value': 18.0, 'category': 'Proton Exchange Membrane Water Electrolyzer'}), ('Device|Proton Exchange Membrane Water Electrolyzer|proton exchange membrane electrolyzer|mA|10.0', {'kind': 'MetaData', 'ontology_type': 'Proton Exchange Membrane Water Electrolyzer', 'name': 'mA', 'unit': 'mA', 'value': 10.0, 'category': 'Proton Exchange Membrane Water Electrolyzer'}), ('Device|Proton Exchange Membrane Water Electrolyzer|proton exchange membrane electrolyzer|for|-2.0', {'kind': 'MetaData', 'ontology_type': 'Proton Exchange Membrane Water Electrolyzer', 'name': 'for', 'unit': 'for', 'value': -2.0, 'category': 'Proton Exchange Membrane Water Electrolyzer'}), ('Device|Proton Exchange Membrane Water Electrolyzer|PEMWE|mV|18.0', {'kind': 'MetaData', 'ontology_type': 'Proton Exchange Membrane Water Electrolyzer', 'name': 'mV', 'unit': 'mV', 'value': 18.0, 'category': 'Proton Exchange Membrane Water Electrolyzer'}), ('Device|Proton Exchange Membrane Water Electrolyzer|PEMWE|mA|10.0', {'kind': 'MetaData', 'ontology_type': 'Proton Exchange Membrane Water Electrolyzer', 'name': 'mA', 'unit': 'mA', 'value': 10.0, 'category': 'Proton Exchange Membrane Water Electrolyzer'}), ('Device|Proton Exchange Membrane Water Electrolyzer|PEMWE|for|-2.0', {'kind': 'MetaData', 'ontology_type': 'Proton Exchange Membrane Water Electrolyzer', 'name': 'for', 'unit': 'for', 'value': -2.0, 'category': 'Proton Exchange Membrane Water Electrolyzer'}), ('Device|Proton Exchange Membrane Water Electrolyzer|Proton Exchange Membrane Water Electrolyzer|mV|18.0', {'kind': 'MetaData', 'ontology_type': 'Proton Exchange Membrane Water Electrolyzer', 'name': 'mV', 'unit': 'mV', 'value': 18.0, 'category': 'Proton Exchange Membrane Water Electrolyzer'}), ('Device|Proton Exchange Membrane Water Electrolyzer|Proton Exchange Membrane Water Electrolyzer|mA|10.0', {'kind': 'MetaData', 'ontology_type': 'Proton Exchange Membrane Water Electrolyzer', 'name': 'mA', 'unit': 'mA', 'value': 10.0, 'category': 'Proton Exchange Membrane Water Electrolyzer'}), ('Device|Proton Exchange Membrane Water Electrolyzer|Proton Exchange Membrane Water Electrolyzer|for|-2.0', {'kind': 'MetaData', 'ontology_type': 'Proton Exchange Membrane Water Electrolyzer', 'name': 'for', 'unit': 'for', 'value': -2.0, 'category': 'Proton Exchange Membrane Water Electrolyzer'}), ('Device|Solid Oxide Electrolysis Cell', {'kind': 'Category', 'ontology_type': 'Device', 'name': 'Solid Oxide Electrolysis Cell', 'layer': 'Device'}), ('Device|Solid Oxide Electrolysis Cell|electrolysis cell', {'kind': 'Keyword', 'ontology_type': 'Device', 'name': 'electrolysis cell', 'layer': 'Device', 'category': 'Solid Oxide Electrolysis Cell'}), ('Device|Solid Oxide Electrolysis Cell|Solid Oxide Electrolysis Cell', {'kind': 'Keyword', 'ontology_type': 'Device', 'name': 'Solid Oxide Electrolysis Cell', 'layer': 'Device', 'category': 'Solid Oxide Electrolysis Cell'}), ('Device|Solid Oxide Electrolysis Cell|solid oxide electrolyzer', {'kind': 'Keyword', 'ontology_type': 'Device', 'name': 'solid oxide electrolyzer', 'layer': 'Device', 'category': 'Solid Oxide Electrolysis Cell'}), ('Device|Solid Oxide Electrolysis Cell|SOEC', {'kind': 'Keyword', 'ontology_type': 'Device', 'name': 'SOEC', 'layer': 'Device', 'category': 'Solid Oxide Electrolysis Cell'}), ('Device|Proton Exchange Membrane Fuel Cell', {'kind': 'Category', 'ontology_type': 'Device', 'name': 'Proton Exchange Membrane Fuel Cell', 'layer': 'Device'}), ('Device|Proton Exchange Membrane Fuel Cell|PEM fuel cell', {'kind': 'Keyword', 'ontology_type': 'Device', 'name': 'PEM fuel cell', 'layer': 'Device', 'category': 'Proton Exchange Membrane Fuel Cell'}), ('Device|Proton Exchange Membrane Fuel Cell|proton exchange membrane', {'kind': 'Keyword', 'ontology_type': 'Device', 'name': 'proton exchange membrane', 'layer': 'Device', 'category': 'Proton Exchange Membrane Fuel Cell'}), ('Device|Proton Exchange Membrane Fuel Cell|fuel cell', {'kind': 'Keyword', 'ontology_type': 'Device', 'name': 'fuel cell', 'layer': 'Device', 'category': 'Proton Exchange Membrane Fuel Cell'}), ('Device|Proton Exchange Membrane Fuel Cell|Proton Exchange Membrane Fuel Cell', {'kind': 'Keyword', 'ontology_type': 'Device', 'name': 'Proton Exchange Membrane Fuel Cell', 'layer': 'Device', 'category': 'Proton Exchange Membrane Fuel Cell'}), ('Device|Proton Exchange Membrane Fuel Cell|PEMFC', {'kind': 'Keyword', 'ontology_type': 'Device', 'name': 'PEMFC', 'layer': 'Device', 'category': 'Proton Exchange Membrane Fuel Cell'}), ('Device|Solid Oxide Fuel Cell', {'kind': 'Category', 'ontology_type': 'Device', 'name': 'Solid Oxide Fuel Cell', 'layer': 'Device'}), ('Device|Solid Oxide Fuel Cell|solid oxide electrolysis cell', {'kind': 'Keyword', 'ontology_type': 'Device', 'name': 'solid oxide electrolysis cell', 'layer': 'Device', 'category': 'Solid Oxide Fuel Cell'}), ('Device|Solid Oxide Fuel Cell|Solid Oxide Fuel Cell', {'kind': 'Keyword', 'ontology_type': 'Device', 'name': 'Solid Oxide Fuel Cell', 'layer': 'Device', 'category': 'Solid Oxide Fuel Cell'}), ('Device|Solid Oxide Fuel Cell|SOFC', {'kind': 'Keyword', 'ontology_type': 'Device', 'name': 'SOFC', 'layer': 'Device', 'category': 'Solid Oxide Fuel Cell'}), ('Environment', {'kind': 'Layer', 'ontology_type': 'Layer', 'name': 'Environment'}), ('Environment|Alkaline Environment', {'kind': 'Category', 'ontology_type': 'Environment', 'name': 'Alkaline Environment', 'layer': 'Environment'}), ('Environment|Alkaline Environment|pH>', {'kind': 'Keyword', 'ontology_type': 'Environment', 'name': 'pH>', 'layer': 'Environment', 'category': 'Alkaline Environment'}), ('Environment|Alkaline Environment|pH>|and|100.0', {'kind': 'MetaData', 'ontology_type': 'Alkaline Environment', 'name': 'and', 'unit': 'and', 'value': 100.0, 'category': 'Alkaline Environment'}), ('Environment|Alkaline Environment|pH>|mA|500.0', {'kind': 'MetaData', 'ontology_type': 'Alkaline Environment', 'name': 'mA', 'unit': 'mA', 'value': 500.0, 'category': 'Alkaline Environment'}), ('Environment|Alkaline Environment|pH>7', {'kind': 'Keyword', 'ontology_type': 'Environment', 'name': 'pH>7', 'layer': 'Environment', 'category': 'Alkaline Environment'}), ('Environment|Alkaline Environment|pH>7|and|100.0', {'kind': 'MetaData', 'ontology_type': 'Alkaline Environment', 'name': 'and', 'unit': 'and', 'value': 100.0, 'category': 'Alkaline Environment'}), ('Environment|Alkaline Environment|pH>7|mA|500.0', {'kind': 'MetaData', 'ontology_type': 'Alkaline Environment', 'name': 'mA', 'unit': 'mA', 'value': 500.0, 'category': 'Alkaline Environment'}), ('Environment|Alkaline Environment|alkaline', {'kind': 'Keyword', 'ontology_type': 'Environment', 'name': 'alkaline', 'layer': 'Environment', 'category': 'Alkaline Environment'}), ('Environment|Alkaline Environment|alkaline|and|100.0', {'kind': 'MetaData', 'ontology_type': 'Alkaline Environment', 'name': 'and', 'unit': 'and', 'value': 100.0, 'category': 'Alkaline Environment'}), ('Environment|Alkaline Environment|alkaline|mA|500.0', {'kind': 'MetaData', 'ontology_type': 'Alkaline Environment', 'name': 'mA', 'unit': 'mA', 'value': 500.0, 'category': 'Alkaline Environment'}), ('Environment|Alkaline Environment|basic', {'kind': 'Keyword', 'ontology_type': 'Environment', 'name': 'basic', 'layer': 'Environment', 'category': 'Alkaline Environment'}), ('Environment|Alkaline Environment|basic|and|100.0', {'kind': 'MetaData', 'ontology_type': 'Alkaline Environment', 'name': 'and', 'unit': 'and', 'value': 100.0, 'category': 'Alkaline Environment'}), ('Environment|Alkaline Environment|basic|mA|500.0', {'kind': 'MetaData', 'ontology_type': 'Alkaline Environment', 'name': 'mA', 'unit': 'mA', 'value': 500.0, 'category': 'Alkaline Environment'}), ('Environment|Alkaline Environment|Alkaline Environment', {'kind': 'Keyword', 'ontology_type': 'Environment', 'name': 'Alkaline Environment', 'layer': 'Environment', 'category': 'Alkaline Environment'}), ('Environment|Alkaline Environment|Alkaline Environment|and|100.0', {'kind': 'MetaData', 'ontology_type': 'Alkaline Environment', 'name': 'and', 'unit': 'and', 'value': 100.0, 'category': 'Alkaline Environment'}), ('Environment|Alkaline Environment|Alkaline Environment|mA|500.0', {'kind': 'MetaData', 'ontology_type': 'Alkaline Environment', 'name': 'mA', 'unit': 'mA', 'value': 500.0, 'category': 'Alkaline Environment'}), ('Environment|Alkaline Environment|pH=14', {'kind': 'Keyword', 'ontology_type': 'Environment', 'name': 'pH=14', 'layer': 'Environment', 'category': 'Alkaline Environment'}), ('Environment|Alkaline Environment|pH=14|and|100.0', {'kind': 'MetaData', 'ontology_type': 'Alkaline Environment', 'name': 'and', 'unit': 'and', 'value': 100.0, 'category': 'Alkaline Environment'}), ('Environment|Alkaline Environment|pH=14|mA|500.0', {'kind': 'MetaData', 'ontology_type': 'Alkaline Environment', 'name': 'mA', 'unit': 'mA', 'value': 500.0, 'category': 'Alkaline Environment'}), ('Environment|Alkaline Environment|pH > 7', {'kind': 'Keyword', 'ontology_type': 'Environment', 'name': 'pH > 7', 'layer': 'Environment', 'category': 'Alkaline Environment'}), ('Environment|Alkaline Environment|pH > 7|and|100.0', {'kind': 'MetaData', 'ontology_type': 'Alkaline Environment', 'name': 'and', 'unit': 'and', 'value': 100.0, 'category': 'Alkaline Environment'}), ('Environment|Alkaline Environment|pH > 7|mA|500.0', {'kind': 'MetaData', 'ontology_type': 'Alkaline Environment', 'name': 'mA', 'unit': 'mA', 'value': 500.0, 'category': 'Alkaline Environment'}), ('Environment|Alkaline Environment|alkaline brine electrolysis', {'kind': 'Keyword', 'ontology_type': 'Environment', 'name': 'alkaline brine electrolysis', 'layer': 'Environment', 'category': 'Alkaline Environment'}), ('Environment|Alkaline Environment|alkaline brine electrolysis|and|100.0', {'kind': 'MetaData', 'ontology_type': 'Alkaline Environment', 'name': 'and', 'unit': 'and', 'value': 100.0, 'category': 'Alkaline Environment'}), ('Environment|Alkaline Environment|alkaline brine electrolysis|mA|500.0', {'kind': 'MetaData', 'ontology_type': 'Alkaline Environment', 'name': 'mA', 'unit': 'mA', 'value': 500.0, 'category': 'Alkaline Environment'}), ('Environment|Alkaline Environment|alkaline conditions', {'kind': 'Keyword', 'ontology_type': 'Environment', 'name': 'alkaline conditions', 'layer': 'Environment', 'category': 'Alkaline Environment'}), ('Environment|Operating Temperature', {'kind': 'Category', 'ontology_type': 'Environment', 'name': 'Operating Temperature', 'layer': 'Environment'}), ('Environment|Operating Temperature|80°C', {'kind': 'Keyword', 'ontology_type': 'Environment', 'name': '80°C', 'layer': 'Environment', 'category': 'Operating Temperature'}), ('Environment|Operating Temperature|temperature', {'kind': 'Keyword', 'ontology_type': 'Environment', 'name': 'temperature', 'layer': 'Environment', 'category': 'Operating Temperature'}), ('Environment|Operating Temperature|Operating Temperature', {'kind': 'Keyword', 'ontology_type': 'Environment', 'name': 'Operating Temperature', 'layer': 'Environment', 'category': 'Operating Temperature'}), ('Environment|Operating Temperature|room temperature', {'kind': 'Keyword', 'ontology_type': 'Environment', 'name': 'room temperature', 'layer': 'Environment', 'category': 'Operating Temperature'}), ('Environment|Operating Temperature|temperature-controlled', {'kind': 'Keyword', 'ontology_type': 'Environment', 'name': 'temperature-controlled', 'layer': 'Environment', 'category': 'Operating Temperature'}), ('Environment|Operating Temperature|25°C', {'kind': 'Keyword', 'ontology_type': 'Environment', 'name': '25°C', 'layer': 'Environment', 'category': 'Operating Temperature'}), ('Process', {'kind': 'Layer', 'ontology_type': 'Layer', 'name': 'Process'}), ('Process|Electrochemical Energy Conversion', {'kind': 'Category', 'ontology_type': 'Process', 'name': 'Electrochemical Energy Conversion', 'layer': 'Process'}), ('Process|Electrochemical Energy Conversion|Electrochemical Energy Conversion', {'kind': 'Keyword', 'ontology_type': 'Process', 'name': 'Electrochemical Energy Conversion', 'layer': 'Process', 'category': 'Electrochemical Energy Conversion'}), ('Process|Electrochemical Energy Conversion|electrochemical cell', {'kind': 'Keyword', 'ontology_type': 'Process', 'name': 'electrochemical cell', 'layer': 'Process', 'category': 'Electrochemical Energy Conversion'}), ('Process|Electrochemical Energy Conversion|electrochemical process', {'kind': 'Keyword', 'ontology_type': 'Process', 'name': 'electrochemical process', 'layer': 'Process', 'category': 'Electrochemical Energy Conversion'}), ('Process|Electrochemical Energy Conversion|electrolytic brine splitting', {'kind': 'Keyword', 'ontology_type': 'Process', 'name': 'electrolytic brine splitting', 'layer': 'Process', 'category': 'Electrochemical Energy Conversion'}), ('Process|Electrochemical Energy Conversion|redox energy', {'kind': 'Keyword', 'ontology_type': 'Process', 'name': 'redox energy', 'layer': 'Process', 'category': 'Electrochemical Energy Conversion'}), ('Process|Electrochemical Energy Conversion|hydrogen evolution reaction', {'kind': 'Keyword', 'ontology_type': 'Process', 'name': 'hydrogen evolution reaction', 'layer': 'Process', 'category': 'Electrochemical Energy Conversion'}), ('Process|Water Electrolysis', {'kind': 'Category', 'ontology_type': 'Process', 'name': 'Water Electrolysis', 'layer': 'Process'}), ('Process|Water Electrolysis|water splitting', {'kind': 'Keyword', 'ontology_type': 'Process', 'name': 'water splitting', 'layer': 'Process', 'category': 'Water Electrolysis'}), ('Process|Water Electrolysis|electrolysis of water', {'kind': 'Keyword', 'ontology_type': 'Process', 'name': 'electrolysis of water', 'layer': 'Process', 'category': 'Water Electrolysis'}), ('Process|Water Electrolysis|splitting H2O', {'kind': 'Keyword', 'ontology_type': 'Process', 'name': 'splitting H2O', 'layer': 'Process', 'category': 'Water Electrolysis'}), ('Process|Water Electrolysis|hydrogen from water', {'kind': 'Keyword', 'ontology_type': 'Process', 'name': 'hydrogen from water', 'layer': 'Process', 'category': 'Water Electrolysis'}), ('Process|Water Electrolysis|Water Electrolysis', {'kind': 'Keyword', 'ontology_type': 'Process', 'name': 'Water Electrolysis', 'layer': 'Process', 'category': 'Water Electrolysis'}), ('Process|Electrocatalysis', {'kind': 'Category', 'ontology_type': 'Process', 'name': 'Electrocatalysis', 'layer': 'Process'}), ('Process|Electrocatalysis|electrode reaction enhancement', {'kind': 'Keyword', 'ontology_type': 'Process', 'name': 'electrode reaction enhancement', 'layer': 'Process', 'category': 'Electrocatalysis'}), ('Process|Electrocatalysis|electrocatalytic', {'kind': 'Keyword', 'ontology_type': 'Process', 'name': 'electrocatalytic', 'layer': 'Process', 'category': 'Electrocatalysis'}), ('Process|Electrocatalysis|Electrocatalysis', {'kind': 'Keyword', 'ontology_type': 'Process', 'name': 'Electrocatalysis', 'layer': 'Process', 'category': 'Electrocatalysis'}), ('Process|Electrocatalysis|electrochemical catalysts', {'kind': 'Keyword', 'ontology_type': 'Process', 'name': 'electrochemical catalysts', 'layer': 'Process', 'category': 'Electrocatalysis'}), ('Process|Electrocatalysis|electrocatalyst', {'kind': 'Keyword', 'ontology_type': 'Process', 'name': 'electrocatalyst', 'layer': 'Process', 'category': 'Electrocatalysis'}), ('Reaction', {'kind': 'Layer', 'ontology_type': 'Layer', 'name': 'Reaction'}), ('Reaction|Oxygen Evolution Reaction', {'kind': 'Category', 'ontology_type': 'Reaction', 'name': 'Oxygen Evolution Reaction', 'layer': 'Reaction'}), ('Reaction|Oxygen Evolution Reaction|oxygen evolution', {'kind': 'Keyword', 'ontology_type': 'Reaction', 'name': 'oxygen evolution', 'layer': 'Reaction', 'category': 'Oxygen Evolution Reaction'}), ('Reaction|Oxygen Evolution Reaction|water oxidation', {'kind': 'Keyword', 'ontology_type': 'Reaction', 'name': 'water oxidation', 'layer': 'Reaction', 'category': 'Oxygen Evolution Reaction'}), ('Reaction|Oxygen Evolution Reaction|oxygen generation', {'kind': 'Keyword', 'ontology_type': 'Reaction', 'name': 'oxygen generation', 'layer': 'Reaction', 'category': 'Oxygen Evolution Reaction'}), ('Reaction|Oxygen Evolution Reaction|OER', {'kind': 'Keyword', 'ontology_type': 'Reaction', 'name': 'OER', 'layer': 'Reaction', 'category': 'Oxygen Evolution Reaction'}), ('Reaction|Oxygen Evolution Reaction|Oxygen Evolution Reaction', {'kind': 'Keyword', 'ontology_type': 'Reaction', 'name': 'Oxygen Evolution Reaction', 'layer': 'Reaction', 'category': 'Oxygen Evolution Reaction'}), ('Reaction|Oxygen Evolution Reaction|oxygen evolution|/|464.6', {'kind': 'MetaData', 'ontology_type': 'Oxygen Evolution Reaction', 'name': '/', 'unit': '/', 'value': 464.6, 'category': 'Oxygen Evolution Reaction'}), ('Reaction|Oxygen Evolution Reaction|oxygen evolution|mV|219.4', {'kind': 'MetaData', 'ontology_type': 'Oxygen Evolution Reaction', 'name': 'mV', 'unit': 'mV', 'value': 219.4, 'category': 'Oxygen Evolution Reaction'}), ('Reaction|Oxygen Evolution Reaction|oxygen evolution|/|100.0', {'kind': 'MetaData', 'ontology_type': 'Oxygen Evolution Reaction', 'name': '/', 'unit': '/', 'value': 100.0, 'category': 'Oxygen Evolution Reaction'}), ('Reaction|Oxygen Evolution Reaction|oxygen evolution|mA|10.0', {'kind': 'MetaData', 'ontology_type': 'Oxygen Evolution Reaction', 'name': 'mA', 'unit': 'mA', 'value': 10.0, 'category': 'Oxygen Evolution Reaction'}), ('Reaction|Oxygen Evolution Reaction|oxygen evolution|for|-2.0', {'kind': 'MetaData', 'ontology_type': 'Oxygen Evolution Reaction', 'name': 'for', 'unit': 'for', 'value': -2.0, 'category': 'Oxygen Evolution Reaction'}), ('Reaction|Oxygen Evolution Reaction|water oxidation|/|464.6', {'kind': 'MetaData', 'ontology_type': 'Oxygen Evolution Reaction', 'name': '/', 'unit': '/', 'value': 464.6, 'category': 'Oxygen Evolution Reaction'}), ('Reaction|Oxygen Evolution Reaction|water oxidation|mV|219.4', {'kind': 'MetaData', 'ontology_type': 'Oxygen Evolution Reaction', 'name': 'mV', 'unit': 'mV', 'value': 219.4, 'category': 'Oxygen Evolution Reaction'}), ('Reaction|Oxygen Evolution Reaction|water oxidation|/|100.0', {'kind': 'MetaData', 'ontology_type': 'Oxygen Evolution Reaction', 'name': '/', 'unit': '/', 'value': 100.0, 'category': 'Oxygen Evolution Reaction'}), ('Reaction|Oxygen Evolution Reaction|water oxidation|mA|10.0', {'kind': 'MetaData', 'ontology_type': 'Oxygen Evolution Reaction', 'name': 'mA', 'unit': 'mA', 'value': 10.0, 'category': 'Oxygen Evolution Reaction'}), ('Reaction|Oxygen Evolution Reaction|water oxidation|for|-2.0', {'kind': 'MetaData', 'ontology_type': 'Oxygen Evolution Reaction', 'name': 'for', 'unit': 'for', 'value': -2.0, 'category': 'Oxygen Evolution Reaction'}), ('Reaction|Oxygen Evolution Reaction|oxygen generation|/|464.6', {'kind': 'MetaData', 'ontology_type': 'Oxygen Evolution Reaction', 'name': '/', 'unit': '/', 'value': 464.6, 'category': 'Oxygen Evolution Reaction'}), ('Reaction|Oxygen Evolution Reaction|oxygen generation|mV|219.4', {'kind': 'MetaData', 'ontology_type': 'Oxygen Evolution Reaction', 'name': 'mV', 'unit': 'mV', 'value': 219.4, 'category': 'Oxygen Evolution Reaction'}), ('Reaction|Oxygen Evolution Reaction|oxygen generation|/|100.0', {'kind': 'MetaData', 'ontology_type': 'Oxygen Evolution Reaction', 'name': '/', 'unit': '/', 'value': 100.0, 'category': 'Oxygen Evolution Reaction'}), ('Reaction|Oxygen Evolution Reaction|oxygen generation|mA|10.0', {'kind': 'MetaData', 'ontology_type': 'Oxygen Evolution Reaction', 'name': 'mA', 'unit': 'mA', 'value': 10.0, 'category': 'Oxygen Evolution Reaction'}), ('Reaction|Oxygen Evolution Reaction|oxygen generation|for|-2.0', {'kind': 'MetaData', 'ontology_type': 'Oxygen Evolution Reaction', 'name': 'for', 'unit': 'for', 'value': -2.0, 'category': 'Oxygen Evolution Reaction'}), ('Reaction|Oxygen Evolution Reaction|OER|/|464.6', {'kind': 'MetaData', 'ontology_type': 'Oxygen Evolution Reaction', 'name': '/', 'unit': '/', 'value': 464.6, 'category': 'Oxygen Evolution Reaction'}), ('Reaction|Oxygen Evolution Reaction|OER|mV|219.4', {'kind': 'MetaData', 'ontology_type': 'Oxygen Evolution Reaction', 'name': 'mV', 'unit': 'mV', 'value': 219.4, 'category': 'Oxygen Evolution Reaction'}), ('Reaction|Oxygen Evolution Reaction|OER|/|100.0', {'kind': 'MetaData', 'ontology_type': 'Oxygen Evolution Reaction', 'name': '/', 'unit': '/', 'value': 100.0, 'category': 'Oxygen Evolution Reaction'}), ('Reaction|Oxygen Evolution Reaction|OER|mA|10.0', {'kind': 'MetaData', 'ontology_type': 'Oxygen Evolution Reaction', 'name': 'mA', 'unit': 'mA', 'value': 10.0, 'category': 'Oxygen Evolution Reaction'}), ('Reaction|Oxygen Evolution Reaction|OER|for|-2.0', {'kind': 'MetaData', 'ontology_type': 'Oxygen Evolution Reaction', 'name': 'for', 'unit': 'for', 'value': -2.0, 'category': 'Oxygen Evolution Reaction'}), ('Reaction|Oxygen Evolution Reaction|Oxygen Evolution Reaction|/|464.6', {'kind': 'MetaData', 'ontology_type': 'Oxygen Evolution Reaction', 'name': '/', 'unit': '/', 'value': 464.6, 'category': 'Oxygen Evolution Reaction'}), ('Reaction|Oxygen Evolution Reaction|Oxygen Evolution Reaction|mV|219.4', {'kind': 'MetaData', 'ontology_type': 'Oxygen Evolution Reaction', 'name': 'mV', 'unit': 'mV', 'value': 219.4, 'category': 'Oxygen Evolution Reaction'}), ('Reaction|Oxygen Evolution Reaction|Oxygen Evolution Reaction|/|100.0', {'kind': 'MetaData', 'ontology_type': 'Oxygen Evolution Reaction', 'name': '/', 'unit': '/', 'value': 100.0, 'category': 'Oxygen Evolution Reaction'}), ('Reaction|Oxygen Evolution Reaction|Oxygen Evolution Reaction|mA|10.0', {'kind': 'MetaData', 'ontology_type': 'Oxygen Evolution Reaction', 'name': 'mA', 'unit': 'mA', 'value': 10.0, 'category': 'Oxygen Evolution Reaction'}), ('Reaction|Oxygen Evolution Reaction|Oxygen Evolution Reaction|for|-2.0', {'kind': 'MetaData', 'ontology_type': 'Oxygen Evolution Reaction', 'name': 'for', 'unit': 'for', 'value': -2.0, 'category': 'Oxygen Evolution Reaction'}), ('Reaction|Oxygen Evolution Reaction|oxygen evolution reaction', {'kind': 'Keyword', 'ontology_type': 'Reaction', 'name': 'oxygen evolution reaction', 'layer': 'Reaction', 'category': 'Oxygen Evolution Reaction'}), ('Reaction|Hydrogen Evolution Reaction', {'kind': 'Category', 'ontology_type': 'Reaction', 'name': 'Hydrogen Evolution Reaction', 'layer': 'Reaction'}), ('Reaction|Hydrogen Evolution Reaction|HER', {'kind': 'Keyword', 'ontology_type': 'Reaction', 'name': 'HER', 'layer': 'Reaction', 'category': 'Hydrogen Evolution Reaction'}), ('Reaction|Hydrogen Evolution Reaction|HER|mV|185.0', {'kind': 'MetaData', 'ontology_type': 'Hydrogen Evolution Reaction', 'name': 'mV', 'unit': 'mV', 'value': 185.0, 'category': 'Hydrogen Evolution Reaction'}), ('Reaction|Hydrogen Evolution Reaction|HER|mA|10.0', {'kind': 'MetaData', 'ontology_type': 'Hydrogen Evolution Reaction', 'name': 'mA', 'unit': 'mA', 'value': 10.0, 'category': 'Hydrogen Evolution Reaction'}), ('Reaction|Hydrogen Evolution Reaction|HER|for|-2.0', {'kind': 'MetaData', 'ontology_type': 'Hydrogen Evolution Reaction', 'name': 'for', 'unit': 'for', 'value': -2.0, 'category': 'Hydrogen Evolution Reaction'}), ('Reaction|Hydrogen Evolution Reaction|H2 generation', {'kind': 'Keyword', 'ontology_type': 'Reaction', 'name': 'H2 generation', 'layer': 'Reaction', 'category': 'Hydrogen Evolution Reaction'}), ('Reaction|Hydrogen Evolution Reaction|H2 generation|mV|185.0', {'kind': 'MetaData', 'ontology_type': 'Hydrogen Evolution Reaction', 'name': 'mV', 'unit': 'mV', 'value': 185.0, 'category': 'Hydrogen Evolution Reaction'}), ('Reaction|Hydrogen Evolution Reaction|H2 generation|mA|10.0', {'kind': 'MetaData', 'ontology_type': 'Hydrogen Evolution Reaction', 'name': 'mA', 'unit': 'mA', 'value': 10.0, 'category': 'Hydrogen Evolution Reaction'}), ('Reaction|Hydrogen Evolution Reaction|H2 generation|for|-2.0', {'kind': 'MetaData', 'ontology_type': 'Hydrogen Evolution Reaction', 'name': 'for', 'unit': 'for', 'value': -2.0, 'category': 'Hydrogen Evolution Reaction'}), ('Reaction|Hydrogen Evolution Reaction|hydrogen evolution', {'kind': 'Keyword', 'ontology_type': 'Reaction', 'name': 'hydrogen evolution', 'layer': 'Reaction', 'category': 'Hydrogen Evolution Reaction'}), ('Reaction|Hydrogen Evolution Reaction|hydrogen evolution|mV|185.0', {'kind': 'MetaData', 'ontology_type': 'Hydrogen Evolution Reaction', 'name': 'mV', 'unit': 'mV', 'value': 185.0, 'category': 'Hydrogen Evolution Reaction'}), ('Reaction|Hydrogen Evolution Reaction|hydrogen evolution|mA|10.0', {'kind': 'MetaData', 'ontology_type': 'Hydrogen Evolution Reaction', 'name': 'mA', 'unit': 'mA', 'value': 10.0, 'category': 'Hydrogen Evolution Reaction'}), ('Reaction|Hydrogen Evolution Reaction|hydrogen evolution|for|-2.0', {'kind': 'MetaData', 'ontology_type': 'Hydrogen Evolution Reaction', 'name': 'for', 'unit': 'for', 'value': -2.0, 'category': 'Hydrogen Evolution Reaction'}), ('Reaction|Hydrogen Evolution Reaction|reduction of protons', {'kind': 'Keyword', 'ontology_type': 'Reaction', 'name': 'reduction of protons', 'layer': 'Reaction', 'category': 'Hydrogen Evolution Reaction'}), ('Reaction|Hydrogen Evolution Reaction|reduction of protons|mV|185.0', {'kind': 'MetaData', 'ontology_type': 'Hydrogen Evolution Reaction', 'name': 'mV', 'unit': 'mV', 'value': 185.0, 'category': 'Hydrogen Evolution Reaction'}), ('Reaction|Hydrogen Evolution Reaction|reduction of protons|mA|10.0', {'kind': 'MetaData', 'ontology_type': 'Hydrogen Evolution Reaction', 'name': 'mA', 'unit': 'mA', 'value': 10.0, 'category': 'Hydrogen Evolution Reaction'}), ('Reaction|Hydrogen Evolution Reaction|reduction of protons|for|-2.0', {'kind': 'MetaData', 'ontology_type': 'Hydrogen Evolution Reaction', 'name': 'for', 'unit': 'for', 'value': -2.0, 'category': 'Hydrogen Evolution Reaction'}), ('Reaction|Hydrogen Evolution Reaction|Hydrogen Evolution Reaction', {'kind': 'Keyword', 'ontology_type': 'Reaction', 'name': 'Hydrogen Evolution Reaction', 'layer': 'Reaction', 'category': 'Hydrogen Evolution Reaction'}), ('Reaction|Hydrogen Evolution Reaction|Hydrogen Evolution Reaction|mV|185.0', {'kind': 'MetaData', 'ontology_type': 'Hydrogen Evolution Reaction', 'name': 'mV', 'unit': 'mV', 'value': 185.0, 'category': 'Hydrogen Evolution Reaction'}), ('Reaction|Hydrogen Evolution Reaction|Hydrogen Evolution Reaction|mA|10.0', {'kind': 'MetaData', 'ontology_type': 'Hydrogen Evolution Reaction', 'name': 'mA', 'unit': 'mA', 'value': 10.0, 'category': 'Hydrogen Evolution Reaction'}), ('Reaction|Hydrogen Evolution Reaction|Hydrogen Evolution Reaction|for|-2.0', {'kind': 'MetaData', 'ontology_type': 'Hydrogen Evolution Reaction', 'name': 'for', 'unit': 'for', 'value': -2.0, 'category': 'Hydrogen Evolution Reaction'}), ('Reaction|Hydrogen Evolution Reaction|hydrogen generation', {'kind': 'Keyword', 'ontology_type': 'Reaction', 'name': 'hydrogen generation', 'layer': 'Reaction', 'category': 'Hydrogen Evolution Reaction'}), ('Reaction|Hydrogen Evolution Reaction|hydrogen evolution reaction', {'kind': 'Keyword', 'ontology_type': 'Reaction', 'name': 'hydrogen evolution reaction', 'layer': 'Reaction', 'category': 'Hydrogen Evolution Reaction'}), ('Reaction|Hydrogen Evolution Reaction|hydrogen evolution reaction|mV|18.0', {'kind': 'MetaData', 'ontology_type': 'Hydrogen Evolution Reaction', 'name': 'mV', 'unit': 'mV', 'value': 18.0, 'category': 'Hydrogen Evolution Reaction'}), ('Reaction|Hydrogen Evolution Reaction|hydrogen evolution reaction|mA|10.0', {'kind': 'MetaData', 'ontology_type': 'Hydrogen Evolution Reaction', 'name': 'mA', 'unit': 'mA', 'value': 10.0, 'category': 'Hydrogen Evolution Reaction'}), ('Reaction|Hydrogen Evolution Reaction|hydrogen evolution reaction|for|-2.0', {'kind': 'MetaData', 'ontology_type': 'Hydrogen Evolution Reaction', 'name': 'for', 'unit': 'for', 'value': -2.0, 'category': 'Hydrogen Evolution Reaction'}), ('Reaction|Hydrogen Evolution Reaction|HER|mV|18.0', {'kind': 'MetaData', 'ontology_type': 'Hydrogen Evolution Reaction', 'name': 'mV', 'unit': 'mV', 'value': 18.0, 'category': 'Hydrogen Evolution Reaction'}), ('Reaction|Hydrogen Evolution Reaction|H2 generation|mV|18.0', {'kind': 'MetaData', 'ontology_type': 'Hydrogen Evolution Reaction', 'name': 'mV', 'unit': 'mV', 'value': 18.0, 'category': 'Hydrogen Evolution Reaction'}), ('Reaction|Hydrogen Evolution Reaction|hydrogen evolution|mV|18.0', {'kind': 'MetaData', 'ontology_type': 'Hydrogen Evolution Reaction', 'name': 'mV', 'unit': 'mV', 'value': 18.0, 'category': 'Hydrogen Evolution Reaction'}), ('Reaction|Hydrogen Evolution Reaction|reduction of protons|mV|18.0', {'kind': 'MetaData', 'ontology_type': 'Hydrogen Evolution Reaction', 'name': 'mV', 'unit': 'mV', 'value': 18.0, 'category': 'Hydrogen Evolution Reaction'}), ('Reaction|Hydrogen Evolution Reaction|Hydrogen Evolution Reaction|mV|18.0', {'kind': 'MetaData', 'ontology_type': 'Hydrogen Evolution Reaction', 'name': 'mV', 'unit': 'mV', 'value': 18.0, 'category': 'Hydrogen Evolution Reaction'}), ('Element', {'kind': 'Layer', 'ontology_type': 'Layer', 'name': 'Element'}), ('Element|Transition Metals', {'kind': 'Category', 'ontology_type': 'Element', 'name': 'Transition Metals', 'layer': 'Element'}), ('Element|Transition Metals|Transition Metals', {'kind': 'Keyword', 'ontology_type': 'Element', 'name': 'Transition Metals', 'layer': 'Element', 'category': 'Transition Metals'}), ('Element|Transition Metals|transition metal', {'kind': 'Keyword', 'ontology_type': 'Element', 'name': 'transition metal', 'layer': 'Element', 'category': 'Transition Metals'}), ('Element|Transition Metals|d-block metal', {'kind': 'Keyword', 'ontology_type': 'Element', 'name': 'd-block metal', 'layer': 'Element', 'category': 'Transition Metals'}), ('Element|Transition Metals|iron', {'kind': 'Keyword', 'ontology_type': 'Element', 'name': 'iron', 'layer': 'Element', 'category': 'Transition Metals'}), ('Element|Transition Metals|first-row metals', {'kind': 'Keyword', 'ontology_type': 'Element', 'name': 'first-row metals', 'layer': 'Element', 'category': 'Transition Metals'}), ('Element|Transition Metals|nickel-iron', {'kind': 'Keyword', 'ontology_type': 'Element', 'name': 'nickel-iron', 'layer': 'Element', 'category': 'Transition Metals'}), ('Element|Nickel', {'kind': 'Category', 'ontology_type': 'Element', 'name': 'Nickel', 'layer': 'Element'}), ('Element|Nickel|nickel', {'kind': 'Keyword', 'ontology_type': 'Element', 'name': 'nickel', 'layer': 'Element', 'category': 'Nickel'}), ('Element|Nickel|nickel oxide', {'kind': 'Keyword', 'ontology_type': 'Element', 'name': 'nickel oxide', 'layer': 'Element', 'category': 'Nickel'}), ('Element|Nickel|Ni', {'kind': 'Keyword', 'ontology_type': 'Element', 'name': 'Ni', 'layer': 'Element', 'category': 'Nickel'}), ('Element|Nickel|nickel foam', {'kind': 'Keyword', 'ontology_type': 'Element', 'name': 'nickel foam', 'layer': 'Element', 'category': 'Nickel'}), ('Element|Nickel|Nickel', {'kind': 'Keyword', 'ontology_type': 'Element', 'name': 'Nickel', 'layer': 'Element', 'category': 'Nickel'}), ('Element|Iron', {'kind': 'Category', 'ontology_type': 'Element', 'name': 'Iron', 'layer': 'Element'}), ('Element|Iron|Fe2+', {'kind': 'Keyword', 'ontology_type': 'Element', 'name': 'Fe2+', 'layer': 'Element', 'category': 'Iron'}), ('Element|Iron|Fe3+', {'kind': 'Keyword', 'ontology_type': 'Element', 'name': 'Fe3+', 'layer': 'Element', 'category': 'Iron'}), ('Element|Iron|Iron', {'kind': 'Keyword', 'ontology_type': 'Element', 'name': 'Iron', 'layer': 'Element', 'category': 'Iron'}), ('Element|Iron|iron', {'kind': 'Keyword', 'ontology_type': 'Element', 'name': 'iron', 'layer': 'Element', 'category': 'Iron'}), ('Element|Iron|Fe', {'kind': 'Keyword', 'ontology_type': 'Element', 'name': 'Fe', 'layer': 'Element', 'category': 'Iron'}), ('Element|Iron|iron-based catalyst', {'kind': 'Keyword', 'ontology_type': 'Element', 'name': 'iron-based catalyst', 'layer': 'Element', 'category': 'Iron'}), ('Element|Iron|iron-based', {'kind': 'Keyword', 'ontology_type': 'Element', 'name': 'iron-based', 'layer': 'Element', 'category': 'Iron'}), ('Element|Earth-Abundant Elements', {'kind': 'Category', 'ontology_type': 'Element', 'name': 'Earth-Abundant Elements', 'layer': 'Element'}), ('Element|Earth-Abundant Elements|earth abundant', {'kind': 'Keyword', 'ontology_type': 'Element', 'name': 'earth abundant', 'layer': 'Element', 'category': 'Earth-Abundant Elements'}), ('Element|Earth-Abundant Elements|Earth-Abundant Elements', {'kind': 'Keyword', 'ontology_type': 'Element', 'name': 'Earth-Abundant Elements', 'layer': 'Element', 'category': 'Earth-Abundant Elements'}), ('Element|Earth-Abundant Elements|earth-abundant', {'kind': 'Keyword', 'ontology_type': 'Element', 'name': 'earth-abundant', 'layer': 'Element', 'category': 'Earth-Abundant Elements'}), ('Element|Earth-Abundant Elements|nickel-iron', {'kind': 'Keyword', 'ontology_type': 'Element', 'name': 'nickel-iron', 'layer': 'Element', 'category': 'Earth-Abundant Elements'}), ('Element|Earth-Abundant Elements|low-cost metals', {'kind': 'Keyword', 'ontology_type': 'Element', 'name': 'low-cost metals', 'layer': 'Element', 'category': 'Earth-Abundant Elements'}), ('Element|Earth-Abundant Elements|non-precious', {'kind': 'Keyword', 'ontology_type': 'Element', 'name': 'non-precious', 'layer': 'Element', 'category': 'Earth-Abundant Elements'}), ('Material', {'kind': 'Layer', 'ontology_type': 'Layer', 'name': 'Material'}), ('Material|Metal Oxides', {'kind': 'Category', 'ontology_type': 'Material', 'name': 'Metal Oxides', 'layer': 'Material'}), ('Material|Metal Oxides|NiO', {'kind': 'Keyword', 'ontology_type': 'Material', 'name': 'NiO', 'layer': 'Material', 'category': 'Metal Oxides'}), ('Material|Metal Oxides|Metal Oxides', {'kind': 'Keyword', 'ontology_type': 'Material', 'name': 'Metal Oxides', 'layer': 'Material', 'category': 'Metal Oxides'}), ('Material|Metal Oxides|oxide layer', {'kind': 'Keyword', 'ontology_type': 'Material', 'name': 'oxide layer', 'layer': 'Material', 'category': 'Metal Oxides'}), ('Material|Metal Oxides|nickel-iron hydroxide', {'kind': 'Keyword', 'ontology_type': 'Material', 'name': 'nickel-iron hydroxide', 'layer': 'Material', 'category': 'Metal Oxides'}), ('Material|Metal Oxides|metal oxide', {'kind': 'Keyword', 'ontology_type': 'Material', 'name': 'metal oxide', 'layer': 'Material', 'category': 'Metal Oxides'}), ('Material|Metal Oxides|Fe2O3', {'kind': 'Keyword', 'ontology_type': 'Material', 'name': 'Fe2O3', 'layer': 'Material', 'category': 'Metal Oxides'}), ('Material|Metal Oxides|nickel oxide', {'kind': 'Keyword', 'ontology_type': 'Material', 'name': 'nickel oxide', 'layer': 'Material', 'category': 'Metal Oxides'}), ('Material|Metal Oxides|NiO|/D-NiFe|1.0', {'kind': 'MetaData', 'ontology_type': 'Metal Oxides', 'name': '/D-NiFe', 'unit': '/D-NiFe', 'value': 1.0, 'category': 'Metal Oxides'}), ('Material|Metal Oxides|Metal Oxides|/D-NiFe|1.0', {'kind': 'MetaData', 'ontology_type': 'Metal Oxides', 'name': '/D-NiFe', 'unit': '/D-NiFe', 'value': 1.0, 'category': 'Metal Oxides'}), ('Material|Metal Oxides|oxide layer|/D-NiFe|1.0', {'kind': 'MetaData', 'ontology_type': 'Metal Oxides', 'name': '/D-NiFe', 'unit': '/D-NiFe', 'value': 1.0, 'category': 'Metal Oxides'}), ('Material|Metal Oxides|nickel-iron layered double hydroxide', {'kind': 'Keyword', 'ontology_type': 'Material', 'name': 'nickel-iron layered double hydroxide', 'layer': 'Material', 'category': 'Metal Oxides'}), ('Material|Metal Oxides|nickel-iron layered double hydroxide|/D-NiFe|1.0', {'kind': 'MetaData', 'ontology_type': 'Metal Oxides', 'name': '/D-NiFe', 'unit': '/D-NiFe', 'value': 1.0, 'category': 'Metal Oxides'}), ('Material|Metal Oxides|metal oxide|/D-NiFe|1.0', {'kind': 'MetaData', 'ontology_type': 'Metal Oxides', 'name': '/D-NiFe', 'unit': '/D-NiFe', 'value': 1.0, 'category': 'Metal Oxides'}), ('Material|Metal Oxides|Fe2O3|/D-NiFe|1.0', {'kind': 'MetaData', 'ontology_type': 'Metal Oxides', 'name': '/D-NiFe', 'unit': '/D-NiFe', 'value': 1.0, 'category': 'Metal Oxides'}), ('Material|2D Materials', {'kind': 'Category', 'ontology_type': 'Material', 'name': '2D Materials', 'layer': 'Material'}), ('Material|2D Materials|nanosheets', {'kind': 'Keyword', 'ontology_type': 'Material', 'name': 'nanosheets', 'layer': 'Material', 'category': '2D Materials'}), ('Material|2D Materials|graphene', {'kind': 'Keyword', 'ontology_type': 'Material', 'name': 'graphene', 'layer': 'Material', 'category': '2D Materials'}), ('Material|2D Materials|MoS2', {'kind': 'Keyword', 'ontology_type': 'Material', 'name': 'MoS2', 'layer': 'Material', 'category': '2D Materials'}), ('Material|2D Materials|2D Materials', {'kind': 'Keyword', 'ontology_type': 'Material', 'name': '2D Materials', 'layer': 'Material', 'category': '2D Materials'}), ('Material|2D Materials|nanosheets|/D-NiFe|1.0', {'kind': 'MetaData', 'ontology_type': '2D Materials', 'name': '/D-NiFe', 'unit': '/D-NiFe', 'value': 1.0, 'category': '2D Materials'}), ('Material|2D Materials|graphene|/D-NiFe|1.0', {'kind': 'MetaData', 'ontology_type': '2D Materials', 'name': '/D-NiFe', 'unit': '/D-NiFe', 'value': 1.0, 'category': '2D Materials'}), ('Material|2D Materials|MoS2|/D-NiFe|1.0', {'kind': 'MetaData', 'ontology_type': '2D Materials', 'name': '/D-NiFe', 'unit': '/D-NiFe', 'value': 1.0, 'category': '2D Materials'}), ('Material|2D Materials|2D Materials|/D-NiFe|1.0', {'kind': 'MetaData', 'ontology_type': '2D Materials', 'name': '/D-NiFe', 'unit': '/D-NiFe', 'value': 1.0, 'category': '2D Materials'}), ('PerformanceMetric', {'kind': 'Layer', 'ontology_type': 'Layer', 'name': 'PerformanceMetric'}), ('PerformanceMetric|Overpotential', {'kind': 'Category', 'ontology_type': 'PerformanceMetric', 'name': 'Overpotential', 'layer': 'PerformanceMetric'}), ('PerformanceMetric|Overpotential|η = ', {'kind': 'Keyword', 'ontology_type': 'PerformanceMetric', 'name': 'η = ', 'layer': 'PerformanceMetric', 'category': 'Overpotential'}), ('PerformanceMetric|Overpotential|η = |and|185.0', {'kind': 'MetaData', 'ontology_type': 'Overpotential', 'name': 'and', 'unit': 'and', 'value': 185.0, 'category': 'Overpotential'}), ('PerformanceMetric|Overpotential|η = |mV|117.0', {'kind': 'MetaData', 'ontology_type': 'Overpotential', 'name': 'mV', 'unit': 'mV', 'value': 117.0, 'category': 'Overpotential'}), ('PerformanceMetric|Overpotential|η = |mA|10.0', {'kind': 'MetaData', 'ontology_type': 'Overpotential', 'name': 'mA', 'unit': 'mA', 'value': 10.0, 'category': 'Overpotential'}), ('PerformanceMetric|Overpotential|η = |for|-2.0', {'kind': 'MetaData', 'ontology_type': 'Overpotential', 'name': 'for', 'unit': 'for', 'value': -2.0, 'category': 'Overpotential'}), ('PerformanceMetric|Overpotential|Overpotential', {'kind': 'Keyword', 'ontology_type': 'PerformanceMetric', 'name': 'Overpotential', 'layer': 'PerformanceMetric', 'category': 'Overpotential'}), ('PerformanceMetric|Overpotential|Overpotential|and|185.0', {'kind': 'MetaData', 'ontology_type': 'Overpotential', 'name': 'and', 'unit': 'and', 'value': 185.0, 'category': 'Overpotential'}), ('PerformanceMetric|Overpotential|Overpotential|mV|117.0', {'kind': 'MetaData', 'ontology_type': 'Overpotential', 'name': 'mV', 'unit': 'mV', 'value': 117.0, 'category': 'Overpotential'}), ('PerformanceMetric|Overpotential|Overpotential|mA|10.0', {'kind': 'MetaData', 'ontology_type': 'Overpotential', 'name': 'mA', 'unit': 'mA', 'value': 10.0, 'category': 'Overpotential'}), ('PerformanceMetric|Overpotential|Overpotential|for|-2.0', {'kind': 'MetaData', 'ontology_type': 'Overpotential', 'name': 'for', 'unit': 'for', 'value': -2.0, 'category': 'Overpotential'}), ('PerformanceMetric|Overpotential|overpotential of', {'kind': 'Keyword', 'ontology_type': 'PerformanceMetric', 'name': 'overpotential of', 'layer': 'PerformanceMetric', 'category': 'Overpotential'}), ('PerformanceMetric|Overpotential|overpotential of|and|185.0', {'kind': 'MetaData', 'ontology_type': 'Overpotential', 'name': 'and', 'unit': 'and', 'value': 185.0, 'category': 'Overpotential'}), ('PerformanceMetric|Overpotential|overpotential of|mV|117.0', {'kind': 'MetaData', 'ontology_type': 'Overpotential', 'name': 'mV', 'unit': 'mV', 'value': 117.0, 'category': 'Overpotential'}), ('PerformanceMetric|Overpotential|overpotential of|mA|10.0', {'kind': 'MetaData', 'ontology_type': 'Overpotential', 'name': 'mA', 'unit': 'mA', 'value': 10.0, 'category': 'Overpotential'}), ('PerformanceMetric|Overpotential|overpotential of|for|-2.0', {'kind': 'MetaData', 'ontology_type': 'Overpotential', 'name': 'for', 'unit': 'for', 'value': -2.0, 'category': 'Overpotential'}), ('PerformanceMetric|Overpotential|185 mV', {'kind': 'Keyword', 'ontology_type': 'PerformanceMetric', 'name': '185 mV', 'layer': 'PerformanceMetric', 'category': 'Overpotential'}), ('PerformanceMetric|Overpotential|185 mV|and|185.0', {'kind': 'MetaData', 'ontology_type': 'Overpotential', 'name': 'and', 'unit': 'and', 'value': 185.0, 'category': 'Overpotential'}), ('PerformanceMetric|Overpotential|185 mV|mV|117.0', {'kind': 'MetaData', 'ontology_type': 'Overpotential', 'name': 'mV', 'unit': 'mV', 'value': 117.0, 'category': 'Overpotential'}), ('PerformanceMetric|Overpotential|185 mV|mA|10.0', {'kind': 'MetaData', 'ontology_type': 'Overpotential', 'name': 'mA', 'unit': 'mA', 'value': 10.0, 'category': 'Overpotential'}), ('PerformanceMetric|Overpotential|185 mV|for|-2.0', {'kind': 'MetaData', 'ontology_type': 'Overpotential', 'name': 'for', 'unit': 'for', 'value': -2.0, 'category': 'Overpotential'}), ('PerformanceMetric|Overpotential|potential above thermodynamic', {'kind': 'Keyword', 'ontology_type': 'PerformanceMetric', 'name': 'potential above thermodynamic', 'layer': 'PerformanceMetric', 'category': 'Overpotential'}), ('PerformanceMetric|Overpotential|potential above thermodynamic|and|185.0', {'kind': 'MetaData', 'ontology_type': 'Overpotential', 'name': 'and', 'unit': 'and', 'value': 185.0, 'category': 'Overpotential'}), ('PerformanceMetric|Overpotential|potential above thermodynamic|mV|117.0', {'kind': 'MetaData', 'ontology_type': 'Overpotential', 'name': 'mV', 'unit': 'mV', 'value': 117.0, 'category': 'Overpotential'}), ('PerformanceMetric|Overpotential|potential above thermodynamic|mA|10.0', {'kind': 'MetaData', 'ontology_type': 'Overpotential', 'name': 'mA', 'unit': 'mA', 'value': 10.0, 'category': 'Overpotential'}), ('PerformanceMetric|Overpotential|potential above thermodynamic|for|-2.0', {'kind': 'MetaData', 'ontology_type': 'Overpotential', 'name': 'for', 'unit': 'for', 'value': -2.0, 'category': 'Overpotential'}), ('PerformanceMetric|Overpotential|117 mV', {'kind': 'Keyword', 'ontology_type': 'PerformanceMetric', 'name': '117 mV', 'layer': 'PerformanceMetric', 'category': 'Overpotential'}), ('PerformanceMetric|Overpotential|117 mV|and|185.0', {'kind': 'MetaData', 'ontology_type': 'Overpotential', 'name': 'and', 'unit': 'and', 'value': 185.0, 'category': 'Overpotential'}), ('PerformanceMetric|Overpotential|117 mV|mV|117.0', {'kind': 'MetaData', 'ontology_type': 'Overpotential', 'name': 'mV', 'unit': 'mV', 'value': 117.0, 'category': 'Overpotential'}), ('PerformanceMetric|Overpotential|117 mV|mA|10.0', {'kind': 'MetaData', 'ontology_type': 'Overpotential', 'name': 'mA', 'unit': 'mA', 'value': 10.0, 'category': 'Overpotential'}), ('PerformanceMetric|Overpotential|117 mV|for|-2.0', {'kind': 'MetaData', 'ontology_type': 'Overpotential', 'name': 'for', 'unit': 'for', 'value': -2.0, 'category': 'Overpotential'}), ('PerformanceMetric|Overpotential|η = |/|464.6', {'kind': 'MetaData', 'ontology_type': 'Overpotential', 'name': '/', 'unit': '/', 'value': 464.6, 'category': 'Overpotential'}), ('PerformanceMetric|Overpotential|η = |mV|219.4', {'kind': 'MetaData', 'ontology_type': 'Overpotential', 'name': 'mV', 'unit': 'mV', 'value': 219.4, 'category': 'Overpotential'}), ('PerformanceMetric|Overpotential|η = |/|100.0', {'kind': 'MetaData', 'ontology_type': 'Overpotential', 'name': '/', 'unit': '/', 'value': 100.0, 'category': 'Overpotential'}), ('PerformanceMetric|Overpotential|Overpotential|/|464.6', {'kind': 'MetaData', 'ontology_type': 'Overpotential', 'name': '/', 'unit': '/', 'value': 464.6, 'category': 'Overpotential'}), ('PerformanceMetric|Overpotential|Overpotential|mV|219.4', {'kind': 'MetaData', 'ontology_type': 'Overpotential', 'name': 'mV', 'unit': 'mV', 'value': 219.4, 'category': 'Overpotential'}), ('PerformanceMetric|Overpotential|Overpotential|/|100.0', {'kind': 'MetaData', 'ontology_type': 'Overpotential', 'name': '/', 'unit': '/', 'value': 100.0, 'category': 'Overpotential'}), ('PerformanceMetric|Overpotential|overpotential of|/|464.6', {'kind': 'MetaData', 'ontology_type': 'Overpotential', 'name': '/', 'unit': '/', 'value': 464.6, 'category': 'Overpotential'}), ('PerformanceMetric|Overpotential|overpotential of|mV|219.4', {'kind': 'MetaData', 'ontology_type': 'Overpotential', 'name': 'mV', 'unit': 'mV', 'value': 219.4, 'category': 'Overpotential'}), ('PerformanceMetric|Overpotential|overpotential of|/|100.0', {'kind': 'MetaData', 'ontology_type': 'Overpotential', 'name': '/', 'unit': '/', 'value': 100.0, 'category': 'Overpotential'}), ('PerformanceMetric|Overpotential|464.6 mV', {'kind': 'Keyword', 'ontology_type': 'PerformanceMetric', 'name': '464.6 mV', 'layer': 'PerformanceMetric', 'category': 'Overpotential'}), ('PerformanceMetric|Overpotential|464.6 mV|/|464.6', {'kind': 'MetaData', 'ontology_type': 'Overpotential', 'name': '/', 'unit': '/', 'value': 464.6, 'category': 'Overpotential'}), ('PerformanceMetric|Overpotential|464.6 mV|mV|219.4', {'kind': 'MetaData', 'ontology_type': 'Overpotential', 'name': 'mV', 'unit': 'mV', 'value': 219.4, 'category': 'Overpotential'}), ('PerformanceMetric|Overpotential|464.6 mV|/|100.0', {'kind': 'MetaData', 'ontology_type': 'Overpotential', 'name': '/', 'unit': '/', 'value': 100.0, 'category': 'Overpotential'}), ('PerformanceMetric|Overpotential|464.6 mV|mA|10.0', {'kind': 'MetaData', 'ontology_type': 'Overpotential', 'name': 'mA', 'unit': 'mA', 'value': 10.0, 'category': 'Overpotential'}), ('PerformanceMetric|Overpotential|464.6 mV|for|-2.0', {'kind': 'MetaData', 'ontology_type': 'Overpotential', 'name': 'for', 'unit': 'for', 'value': -2.0, 'category': 'Overpotential'}), ('PerformanceMetric|Overpotential|potential above thermodynamic|/|464.6', {'kind': 'MetaData', 'ontology_type': 'Overpotential', 'name': '/', 'unit': '/', 'value': 464.6, 'category': 'Overpotential'}), ('PerformanceMetric|Overpotential|potential above thermodynamic|mV|219.4', {'kind': 'MetaData', 'ontology_type': 'Overpotential', 'name': 'mV', 'unit': 'mV', 'value': 219.4, 'category': 'Overpotential'}), ('PerformanceMetric|Overpotential|potential above thermodynamic|/|100.0', {'kind': 'MetaData', 'ontology_type': 'Overpotential', 'name': '/', 'unit': '/', 'value': 100.0, 'category': 'Overpotential'}), ('PerformanceMetric|Overpotential|219.4 mV', {'kind': 'Keyword', 'ontology_type': 'PerformanceMetric', 'name': '219.4 mV', 'layer': 'PerformanceMetric', 'category': 'Overpotential'}), ('PerformanceMetric|Overpotential|219.4 mV|/|464.6', {'kind': 'MetaData', 'ontology_type': 'Overpotential', 'name': '/', 'unit': '/', 'value': 464.6, 'category': 'Overpotential'}), ('PerformanceMetric|Overpotential|219.4 mV|mV|219.4', {'kind': 'MetaData', 'ontology_type': 'Overpotential', 'name': 'mV', 'unit': 'mV', 'value': 219.4, 'category': 'Overpotential'}), ('PerformanceMetric|Overpotential|219.4 mV|/|100.0', {'kind': 'MetaData', 'ontology_type': 'Overpotential', 'name': '/', 'unit': '/', 'value': 100.0, 'category': 'Overpotential'}), ('PerformanceMetric|Overpotential|219.4 mV|mA|10.0', {'kind': 'MetaData', 'ontology_type': 'Overpotential', 'name': 'mA', 'unit': 'mA', 'value': 10.0, 'category': 'Overpotential'}), ('PerformanceMetric|Overpotential|219.4 mV|for|-2.0', {'kind': 'MetaData', 'ontology_type': 'Overpotential', 'name': 'for', 'unit': 'for', 'value': -2.0, 'category': 'Overpotential'}), ('PerformanceMetric|Overpotential|η = |mV|18.0', {'kind': 'MetaData', 'ontology_type': 'Overpotential', 'name': 'mV', 'unit': 'mV', 'value': 18.0, 'category': 'Overpotential'}), ('PerformanceMetric|Overpotential|Overpotential|mV|18.0', {'kind': 'MetaData', 'ontology_type': 'Overpotential', 'name': 'mV', 'unit': 'mV', 'value': 18.0, 'category': 'Overpotential'}), ('PerformanceMetric|Overpotential|overpotential of|mV|18.0', {'kind': 'MetaData', 'ontology_type': 'Overpotential', 'name': 'mV', 'unit': 'mV', 'value': 18.0, 'category': 'Overpotential'}), ('PerformanceMetric|Overpotential|18 mV', {'kind': 'Keyword', 'ontology_type': 'PerformanceMetric', 'name': '18 mV', 'layer': 'PerformanceMetric', 'category': 'Overpotential'}), ('PerformanceMetric|Overpotential|18 mV|mV|18.0', {'kind': 'MetaData', 'ontology_type': 'Overpotential', 'name': 'mV', 'unit': 'mV', 'value': 18.0, 'category': 'Overpotential'}), ('PerformanceMetric|Overpotential|18 mV|mA|10.0', {'kind': 'MetaData', 'ontology_type': 'Overpotential', 'name': 'mA', 'unit': 'mA', 'value': 10.0, 'category': 'Overpotential'}), ('PerformanceMetric|Overpotential|18 mV|for|-2.0', {'kind': 'MetaData', 'ontology_type': 'Overpotential', 'name': 'for', 'unit': 'for', 'value': -2.0, 'category': 'Overpotential'}), ('PerformanceMetric|Overpotential|potential above thermodynamic|mV|18.0', {'kind': 'MetaData', 'ontology_type': 'Overpotential', 'name': 'mV', 'unit': 'mV', 'value': 18.0, 'category': 'Overpotential'}), ('PerformanceMetric|Tafel Slope', {'kind': 'Category', 'ontology_type': 'PerformanceMetric', 'name': 'Tafel Slope', 'layer': 'PerformanceMetric'}), ('PerformanceMetric|Tafel Slope|Tafel plot', {'kind': 'Keyword', 'ontology_type': 'PerformanceMetric', 'name': 'Tafel plot', 'layer': 'PerformanceMetric', 'category': 'Tafel Slope'}), ('PerformanceMetric|Tafel Slope|Tafel Slope', {'kind': 'Keyword', 'ontology_type': 'PerformanceMetric', 'name': 'Tafel Slope', 'layer': 'PerformanceMetric', 'category': 'Tafel Slope'}), ('PerformanceMetric|Tafel Slope|mV dec⁻¹', {'kind': 'Keyword', 'ontology_type': 'PerformanceMetric', 'name': 'mV dec⁻¹', 'layer': 'PerformanceMetric', 'category': 'Tafel Slope'}), ('PerformanceMetric|Tafel Slope|none (not mentioned in the text)', {'kind': 'Keyword', 'ontology_type': 'PerformanceMetric', 'name': 'none (not mentioned in the text)', 'layer': 'PerformanceMetric', 'category': 'Tafel Slope'}), ('PerformanceMetric|Tafel Slope|Tafel slope', {'kind': 'Keyword', 'ontology_type': 'PerformanceMetric', 'name': 'Tafel slope', 'layer': 'PerformanceMetric', 'category': 'Tafel Slope'}), ('Application', {'kind': 'Layer', 'ontology_type': 'Layer', 'name': 'Application'}), ('Application|Green Hydrogen Economy', {'kind': 'Category', 'ontology_type': 'Application', 'name': 'Green Hydrogen Economy', 'layer': 'Application'}), ('Application|Green Hydrogen Economy|water splitting', {'kind': 'Keyword', 'ontology_type': 'Application', 'name': 'water splitting', 'layer': 'Application', 'category': 'Green Hydrogen Economy'}), ('Application|Green Hydrogen Economy|Green Hydrogen Economy', {'kind': 'Keyword', 'ontology_type': 'Application', 'name': 'Green Hydrogen Economy', 'layer': 'Application', 'category': 'Green Hydrogen Economy'}), ('Application|Green Hydrogen Economy|renewable hydrogen', {'kind': 'Keyword', 'ontology_type': 'Application', 'name': 'renewable hydrogen', 'layer': 'Application', 'category': 'Green Hydrogen Economy'}), ('Application|Green Hydrogen Economy|green hydrogen', {'kind': 'Keyword', 'ontology_type': 'Application', 'name': 'green hydrogen', 'layer': 'Application', 'category': 'Green Hydrogen Economy'}), ('Application|Green Hydrogen Economy|H2 economy', {'kind': 'Keyword', 'ontology_type': 'Application', 'name': 'H2 economy', 'layer': 'Application', 'category': 'Green Hydrogen Economy'}), ('Application|Green Hydrogen Economy|Green Hydrogen Economy|h|1000.0', {'kind': 'MetaData', 'ontology_type': 'Green Hydrogen Economy', 'name': 'h', 'unit': 'h', 'value': 1000.0, 'category': 'Green Hydrogen Economy'}), ('Application|Green Hydrogen Economy|Green Hydrogen Economy|and|100.0', {'kind': 'MetaData', 'ontology_type': 'Green Hydrogen Economy', 'name': 'and', 'unit': 'and', 'value': 100.0, 'category': 'Green Hydrogen Economy'}), ('Application|Green Hydrogen Economy|Green Hydrogen Economy|mA|500.0', {'kind': 'MetaData', 'ontology_type': 'Green Hydrogen Economy', 'name': 'mA', 'unit': 'mA', 'value': 500.0, 'category': 'Green Hydrogen Economy'}), ('Application|Green Hydrogen Economy|renewable hydrogen|h|1000.0', {'kind': 'MetaData', 'ontology_type': 'Green Hydrogen Economy', 'name': 'h', 'unit': 'h', 'value': 1000.0, 'category': 'Green Hydrogen Economy'}), ('Application|Green Hydrogen Economy|renewable hydrogen|and|100.0', {'kind': 'MetaData', 'ontology_type': 'Green Hydrogen Economy', 'name': 'and', 'unit': 'and', 'value': 100.0, 'category': 'Green Hydrogen Economy'}), ('Application|Green Hydrogen Economy|renewable hydrogen|mA|500.0', {'kind': 'MetaData', 'ontology_type': 'Green Hydrogen Economy', 'name': 'mA', 'unit': 'mA', 'value': 500.0, 'category': 'Green Hydrogen Economy'}), ('Application|Green Hydrogen Economy|electrolytic brine', {'kind': 'Keyword', 'ontology_type': 'Application', 'name': 'electrolytic brine', 'layer': 'Application', 'category': 'Green Hydrogen Economy'}), ('Application|Green Hydrogen Economy|electrolytic brine|h|1000.0', {'kind': 'MetaData', 'ontology_type': 'Green Hydrogen Economy', 'name': 'h', 'unit': 'h', 'value': 1000.0, 'category': 'Green Hydrogen Economy'}), ('Application|Green Hydrogen Economy|electrolytic brine|and|100.0', {'kind': 'MetaData', 'ontology_type': 'Green Hydrogen Economy', 'name': 'and', 'unit': 'and', 'value': 100.0, 'category': 'Green Hydrogen Economy'}), ('Application|Green Hydrogen Economy|electrolytic brine|mA|500.0', {'kind': 'MetaData', 'ontology_type': 'Green Hydrogen Economy', 'name': 'mA', 'unit': 'mA', 'value': 500.0, 'category': 'Green Hydrogen Economy'}), ('Application|Green Hydrogen Economy|green hydrogen|h|1000.0', {'kind': 'MetaData', 'ontology_type': 'Green Hydrogen Economy', 'name': 'h', 'unit': 'h', 'value': 1000.0, 'category': 'Green Hydrogen Economy'}), ('Application|Green Hydrogen Economy|green hydrogen|and|100.0', {'kind': 'MetaData', 'ontology_type': 'Green Hydrogen Economy', 'name': 'and', 'unit': 'and', 'value': 100.0, 'category': 'Green Hydrogen Economy'}), ('Application|Green Hydrogen Economy|green hydrogen|mA|500.0', {'kind': 'MetaData', 'ontology_type': 'Green Hydrogen Economy', 'name': 'mA', 'unit': 'mA', 'value': 500.0, 'category': 'Green Hydrogen Economy'}), ('Application|Green Hydrogen Economy|H2 economy|h|1000.0', {'kind': 'MetaData', 'ontology_type': 'Green Hydrogen Economy', 'name': 'h', 'unit': 'h', 'value': 1000.0, 'category': 'Green Hydrogen Economy'}), ('Application|Green Hydrogen Economy|H2 economy|and|100.0', {'kind': 'MetaData', 'ontology_type': 'Green Hydrogen Economy', 'name': 'and', 'unit': 'and', 'value': 100.0, 'category': 'Green Hydrogen Economy'}), ('Application|Green Hydrogen Economy|H2 economy|mA|500.0', {'kind': 'MetaData', 'ontology_type': 'Green Hydrogen Economy', 'name': 'mA', 'unit': 'mA', 'value': 500.0, 'category': 'Green Hydrogen Economy'}), ('Application|Green Hydrogen Economy|saline water splitting', {'kind': 'Keyword', 'ontology_type': 'Application', 'name': 'saline water splitting', 'layer': 'Application', 'category': 'Green Hydrogen Economy'}), ('642ecf0ac36b743f93f86ddf6053486626e945df', {'kind': 'Paper', 'ontology_type': 'Paper', 'name': 'Vanadium-Doped Heterogeneous Bimetallic Phosphides Derived from Layered Double Hydroxides for Saline Water Splitting.', 'paper_id': '642ecf0ac36b743f93f86ddf6053486626e945df', 'title': 'Vanadium-Doped Heterogeneous Bimetallic Phosphides Derived from Layered Double Hydroxides for Saline Water Splitting.'}), ('9f1eb177e685bd3596719d14bf5c2efaa7a0bd07', {'kind': 'Paper', 'ontology_type': 'Paper', 'name': 'Hierarchical NiFe layered double hydroxides: a bifunctional electrocatalyst for overall water splitting', 'paper_id': '9f1eb177e685bd3596719d14bf5c2efaa7a0bd07', 'title': 'Hierarchical NiFe layered double hydroxides: a bifunctional electrocatalyst for overall water splitting'}), ('ffc10bfa2fdce53e11054d1e45c47732cd39585e', {'kind': 'Paper', 'ontology_type': 'Paper', 'name': 'Engineering single-atomic ruthenium catalytic sites on defective nickel-iron layered double hydroxide for overall water splitting', 'paper_id': 'ffc10bfa2fdce53e11054d1e45c47732cd39585e', 'title': 'Engineering single-atomic ruthenium catalytic sites on defective nickel-iron layered double hydroxide for overall water splitting'})]
kinds got Category ['emmo-electro:hasDopant', 'emmo-electro:hasMetric', 'emmo-electro:occursIn', 'emmo-electro:catalyzes', 'Proton Exchange Membrane Water Electrolyzer', 'Solid Oxide Electrolysis Cell', 'Proton Exchange Membrane Fuel Cell', 'Solid Oxide Fuel Cell', 'Alkaline Environment', 'Operating Temperature', 'Electrochemical Energy Conversion', 'Water Electrolysis', 'Electrocatalysis', 'Oxygen Evolution Reaction', 'Hydrogen Evolution Reaction', 'Transition Metals', 'Nickel', 'Iron', 'Earth-Abundant Elements', 'Metal Oxides', '2D Materials', 'Overpotential', 'Tafel Slope', 'Green Hydrogen Economy']
['emmo-electro:hasDopant', 'emmo-electro:hasMetric', 'emmo-electro:occursIn', 'emmo-electro:catalyzes', 'Proton Exchange Membrane Water Electrolyzer', 'Solid Oxide Electrolysis Cell', 'Proton Exchange Membrane Fuel Cell', 'Solid Oxide Fuel Cell', 'Alkaline Environment', 'Operating Temperature', 'Electrochemical Energy Conversion', 'Water Electrolysis', 'Electrocatalysis', 'Oxygen Evolution Reaction', 'Hydrogen Evolution Reaction', 'Transition Metals', 'Nickel', 'Iron', 'Earth-Abundant Elements', 'Metal Oxides', '2D Materials', 'Overpotential', 'Tafel Slope', 'Green Hydrogen Economy']
  Stopping...
